X,Y
0.036,0.385
-0.025,0.335
-0.085,0.288
-0.144,0.243
-0.2,0.199
-0.254,0.156
-0.304,0.115
-0.353,0.075
-0.402,0.036
-0.453,-0.002
-0.507,-0.039
-0.561,-0.074
-0.608,-0.109
-0.64,-0.142
-0.647,-0.174
-0.622,-0.204
-0.558,-0.232
-0.46,-0.258
-0.339,-0.281
-0.202,-0.3
-0.059,-0.308
0.084,-0.296
0.219,-0.276
0.339,-0.256
0.441,-0.23
0.529,-0.188
0.609,-0.124
0.687,-0.043
0.765,0.046
0.843,0.138
0.918,0.229
0.986,0.32
1.048,0.407
1.102,0.49
1.145,0.568
1.178,0.642
1.198,0.709
1.208,0.771
1.207,0.827
1.196,0.878
1.173,0.922
1.137,0.958
1.089,0.985
1.03,1.002
0.961,1.012
0.884,1.019
0.798,1.02
0.707,1.012
0.613,0.993
0.519,0.962
0.427,0.916
0.339,0.858
0.255,0.792
0.174,0.724
0.095,0.657
0.016,0.593
-0.064,0.532
-0.145,0.472
-0.227,0.415
-0.31,0.358
-0.394,0.302
-0.477,0.249
-0.561,0.196
-0.644,0.146
-0.727,0.096
-0.809,0.048
-0.89,0.002
-0.969,-0.043
-1.045,-0.087
-1.119,-0.13
-1.191,-0.171
-1.26,-0.211
-1.326,-0.25
-1.388,-0.289
-1.448,-0.326
-1.503,-0.362
-1.554,-0.398
-1.601,-0.432
-1.642,-0.466
-1.677,-0.5
-1.704,-0.532
-1.723,-0.564
-1.733,-0.596
-1.73,-0.626
-1.713,-0.656
-1.677,-0.685
-1.621,-0.714
-1.542,-0.742
-1.442,-0.769
-1.327,-0.796
-1.203,-0.821
-1.067,-0.846
-0.925,-0.87
-0.787,-0.892
-0.655,-0.912
-0.53,-0.927
-0.412,-0.928
-0.298,-0.916
-0.186,-0.905
-0.074,-0.891
0.038,-0.862
0.146,-0.816
0.248,-0.757
0.345,-0.691
0.438,-0.621
0.528,-0.548
0.612,-0.471
0.69,-0.391
0.761,-0.308
0.825,-0.224
0.884,-0.137
0.935,-0.051
0.978,0.035
1.012,0.12
1.036,0.202
1.051,0.282
1.055,0.36
1.049,0.434
1.031,0.503
0.999,0.565
0.954,0.617
0.897,0.656
0.831,0.681
0.758,0.694
0.68,0.702
0.598,0.708
0.515,0.708
0.434,0.7
0.356,0.681
0.281,0.652
0.208,0.613
0.134,0.564
0.06,0.508
-0.016,0.449
-0.093,0.39
-0.17,0.334
-0.248,0.279
-0.326,0.227
-0.403,0.176
-0.478,0.127
-0.551,0.079
-0.622,0.032
-0.689,-0.014
-0.754,-0.058
-0.814,-0.102
-0.871,-0.144
-0.922,-0.185
-0.968,-0.225
-1.009,-0.264
-1.043,-0.303
-1.069,-0.34
-1.086,-0.376
-1.093,-0.412
-1.09,-0.446
-1.074,-0.48
-1.045,-0.512
-1.002,-0.544
-0.942,-0.574
-0.867,-0.603
-0.78,-0.629
-0.682,-0.651
-0.572,-0.663
-0.452,-0.652
-0.329,-0.628
-0.209,-0.613
-0.094,-0.595
0.016,-0.566
0.12,-0.524
0.22,-0.473
0.318,-0.415
0.412,-0.354
0.502,-0.288
0.585,-0.219
0.661,-0.148
0.733,-0.075
0.802,-0.001
0.867,0.073
0.929,0.147
0.986,0.22
1.037,0.294
1.082,0.368
1.12,0.442
1.153,0.515
1.177,0.587
1.193,0.656
1.197,0.72
1.19,0.779
1.169,0.832
1.136,0.878
1.091,0.915
1.034,0.941
0.968,0.956
0.893,0.964
0.812,0.966
0.727,0.962
0.642,0.948
0.558,0.924
0.477,0.887
0.396,0.838
0.316,0.779
0.234,0.715
0.152,0.649
0.069,0.585
-0.014,0.524
-0.097,0.466
-0.181,0.409
-0.265,0.354
-0.349,0.3
-0.433,0.248
-0.514,0.198
-0.594,0.148
-0.673,0.101
-0.75,0.054
-0.827,0.008
-0.903,-0.036
-0.977,-0.079
-1.049,-0.122
-1.12,-0.163
-1.188,-0.204
-1.255,-0.243
-1.32,-0.282
-1.382,-0.32
-1.442,-0.356
-1.499,-0.392
-1.552,-0.428
-1.601,-0.462
-1.646,-0.496
-1.686,-0.529
-1.72,-0.561
-1.747,-0.592
-1.765,-0.623
-1.774,-0.653
-1.772,-0.683
-1.755,-0.711
-1.72,-0.739
-1.665,-0.767
-1.587,-0.793
-1.488,-0.82
-1.378,-0.845
-1.261,-0.87
-1.139,-0.894
-1.015,-0.917
-0.896,-0.938
-0.783,-0.958
-0.678,-0.973
-0.579,-0.978
-0.484,-0.97
-0.39,-0.962
-0.295,-0.954
-0.2,-0.935
-0.109,-0.903
-0.023,-0.856
0.057,-0.803
0.135,-0.747
0.21,-0.689
0.283,-0.627
0.353,-0.563
0.419,-0.498
0.479,-0.43
0.536,-0.361
0.588,-0.291
0.635,-0.22
0.677,-0.148
0.712,-0.077
0.739,-0.007
0.758,0.062
0.769,0.129
0.773,0.193
0.769,0.253
0.757,0.308
0.737,0.356
0.709,0.397
0.675,0.427
0.635,0.448
0.59,0.461
0.542,0.473
0.49,0.48
0.436,0.483
0.382,0.48
0.327,0.471
0.273,0.454
0.22,0.431
0.168,0.4
0.117,0.363
0.068,0.321
0.019,0.276
-0.03,0.232
-0.08,0.189
-0.13,0.149
-0.18,0.111
-0.23,0.075
-0.278,0.04
-0.323,0.006
-0.364,-0.026
-0.401,-0.058
-0.435,-0.09
-0.464,-0.121
-0.49,-0.151
-0.511,-0.181
-0.528,-0.211
-0.54,-0.239
-0.547,-0.267
-0.549,-0.293
-0.544,-0.317
-0.531,-0.339
-0.508,-0.358
-0.472,-0.374
-0.423,-0.383
-0.363,-0.382
-0.293,-0.374
-0.215,-0.365
-0.129,-0.354
-0.039,-0.338
0.051,-0.313
0.139,-0.279
0.223,-0.234
0.303,-0.179
0.379,-0.12
0.451,-0.058
0.52,0.004
0.585,0.067
0.646,0.129
0.702,0.19
0.754,0.251
0.802,0.311
0.846,0.37
0.888,0.428
0.925,0.485
0.958,0.54
0.986,0.593
1.008,0.643
1.026,0.69
1.039,0.734
1.045,0.774
1.043,0.809
1.032,0.838
1.011,0.861
0.98,0.876
0.94,0.886
0.891,0.893
0.835,0.897
0.772,0.895
0.703,0.886
0.631,0.87
0.557,0.845
0.484,0.81
0.41,0.766
0.336,0.715
0.261,0.658
0.185,0.6
0.108,0.543
0.031,0.488
-0.047,0.434
-0.126,0.382
-0.205,0.331
-0.283,0.282
-0.361,0.234
-0.438,0.187
-0.514,0.142
-0.589,0.097
-0.665,0.053
-0.74,0.011
-0.815,-0.031
-0.889,-0.073
-0.963,-0.113
-1.037,-0.153
-1.11,-0.192
-1.182,-0.23
-1.254,-0.268
-1.324,-0.305
-1.393,-0.341
-1.46,-0.377
-1.524,-0.412
-1.584,-0.447
-1.64,-0.481
-1.691,-0.514
-1.737,-0.546
-1.779,-0.578
-1.815,-0.608
-1.844,-0.639
-1.867,-0.668
-1.882,-0.697
-1.888,-0.725
-1.882,-0.753
-1.862,-0.78
-1.823,-0.807
-1.763,-0.833
-1.68,-0.859
-1.579,-0.884
-1.465,-0.909
-1.344,-0.933
-1.215,-0.957
-1.085,-0.979
-0.96,-1.001
-0.842,-1.021
-0.73,-1.039
-0.624,-1.049
-0.52,-1.046
-0.417,-1.038
-0.313,-1.032
-0.209,-1.018
-0.107,-0.99
-0.011,-0.946
0.08,-0.893
0.168,-0.835
0.252,-0.774
0.33,-0.708
0.401,-0.639
0.464,-0.567
0.519,-0.492
0.566,-0.414
0.607,-0.336
0.64,-0.257
0.664,-0.179
0.678,-0.103
0.683,-0.03
0.679,0.039
0.665,0.104
0.643,0.164
0.612,0.217
0.573,0.262
0.527,0.297
0.476,0.318
0.419,0.329
0.361,0.338
0.303,0.345
0.246,0.346
0.191,0.341
0.139,0.329
0.09,0.31
0.043,0.285
0,0.252
-0.04,0.214
-0.077,0.171
-0.111,0.127
-0.142,0.084
-0.172,0.043
-0.199,0.004
-0.225,-0.032
-0.247,-0.066
-0.266,-0.097
-0.281,-0.126
-0.291,-0.153
-0.296,-0.176
-0.294,-0.196
-0.285,-0.213
-0.268,-0.226
-0.243,-0.234
-0.213,-0.234
-0.176,-0.227
-0.135,-0.218
-0.092,-0.208
-0.046,-0.196
0.002,-0.178
0.052,-0.154
0.102,-0.121
0.15,-0.08
0.198,-0.032
0.243,0.018
0.287,0.07
0.329,0.121
0.368,0.171
0.405,0.218
0.438,0.262
0.468,0.305
0.495,0.344
0.521,0.381
0.546,0.415
0.571,0.445
0.595,0.472
0.62,0.496
0.646,0.517
0.672,0.534
0.698,0.55
0.723,0.563
0.747,0.576
0.77,0.589
0.791,0.602
0.808,0.617
0.821,0.632
0.83,0.647
0.834,0.663
0.833,0.677
0.826,0.691
0.811,0.702
0.788,0.712
0.757,0.719
0.717,0.723
0.671,0.724
0.619,0.72
0.562,0.712
0.501,0.698
0.438,0.677
0.373,0.649
0.307,0.613
0.242,0.571
0.175,0.526
0.107,0.48
0.039,0.434
-0.031,0.39
-0.102,0.346
-0.173,0.303
-0.244,0.26
-0.314,0.219
-0.384,0.177
-0.454,0.136
-0.523,0.095
-0.592,0.055
-0.661,0.014
-0.73,-0.025
-0.799,-0.065
-0.868,-0.104
-0.936,-0.143
-1.004,-0.181
-1.07,-0.218
-1.136,-0.256
-1.2,-0.292
-1.263,-0.328
-1.324,-0.363
-1.382,-0.398
-1.439,-0.432
-1.493,-0.466
-1.544,-0.499
-1.591,-0.531
-1.634,-0.562
-1.674,-0.593
-1.709,-0.622
-1.738,-0.651
-1.763,-0.68
-1.78,-0.707
-1.79,-0.734
-1.793,-0.761
-1.787,-0.787
-1.771,-0.813
-1.744,-0.839
-1.705,-0.864
-1.652,-0.888
-1.585,-0.913
-1.509,-0.936
-1.424,-0.96
-1.332,-0.982
-1.236,-1.004
-1.138,-1.025
-1.042,-1.044
-0.949,-1.062
-0.859,-1.077
-0.77,-1.086
-0.682,-1.086
-0.594,-1.084
-0.506,-1.082
-0.421,-1.074
-0.34,-1.057
-0.264,-1.027
-0.192,-0.985
-0.122,-0.94
-0.053,-0.892
0.014,-0.841
0.078,-0.788
0.14,-0.732
0.2,-0.674
0.258,-0.614
0.313,-0.554
0.365,-0.492
0.413,-0.43
0.457,-0.367
0.497,-0.304
0.532,-0.24
0.563,-0.177
0.588,-0.116
0.609,-0.055
0.625,0.002
0.638,0.057
0.647,0.109
0.653,0.157
0.655,0.199
0.651,0.236
0.643,0.267
0.629,0.291
0.61,0.312
0.587,0.332
0.558,0.349
0.524,0.364
0.487,0.376
0.445,0.385
0.402,0.39
0.358,0.391
0.314,0.387
0.273,0.379
0.234,0.366
0.197,0.348
0.164,0.325
0.133,0.298
0.104,0.266
0.077,0.233
0.054,0.202
0.033,0.173
0.016,0.147
0.002,0.126
-0.006,0.109
-0.009,0.098
-0.005,0.096
0.006,0.102
0.022,0.11
0.044,0.116
0.069,0.122
0.098,0.128
0.129,0.136
0.159,0.145
0.188,0.157
0.217,0.171
0.247,0.188
0.279,0.209
0.312,0.234
0.344,0.263
0.376,0.296
0.406,0.331
0.435,0.365
0.461,0.398
0.485,0.429
0.506,0.456
0.524,0.481
0.539,0.503
0.553,0.523
0.563,0.542
0.572,0.559
0.58,0.575
0.586,0.59
0.591,0.602
0.595,0.612
0.597,0.618
0.594,0.62
0.587,0.617
0.576,0.61
0.561,0.601
0.543,0.589
0.522,0.575
0.498,0.557
0.472,0.536
0.444,0.512
0.413,0.485
0.379,0.456
0.34,0.427
0.298,0.398
0.252,0.37
0.202,0.342
0.15,0.315
0.096,0.288
0.041,0.261
-0.016,0.234
-0.075,0.206
-0.134,0.177
-0.193,0.147
-0.254,0.116
-0.316,0.084
-0.379,0.052
-0.444,0.019
-0.512,-0.015
-0.58,-0.049
-0.649,-0.084
-0.717,-0.119
-0.785,-0.153
-0.851,-0.188
-0.917,-0.223
-0.981,-0.258
-1.044,-0.292
-1.106,-0.327
-1.167,-0.361
-1.226,-0.395
-1.285,-0.429
-1.342,-0.462
-1.398,-0.495
-1.452,-0.526
-1.503,-0.557
-1.552,-0.588
-1.599,-0.617
-1.641,-0.646
-1.68,-0.674
-1.714,-0.702
-1.741,-0.73
-1.762,-0.757
-1.776,-0.783
-1.782,-0.809
-1.781,-0.835
-1.772,-0.861
-1.756,-0.886
-1.732,-0.911
-1.7,-0.935
-1.658,-0.959
-1.605,-0.982
-1.541,-1.005
-1.464,-1.027
-1.377,-1.048
-1.28,-1.068
-1.179,-1.087
-1.077,-1.106
-0.976,-1.122
-0.877,-1.137
-0.781,-1.145
-0.687,-1.146
-0.596,-1.145
-0.506,-1.143
-0.42,-1.136
-0.338,-1.118
-0.259,-1.087
-0.184,-1.046
-0.109,-1
-0.035,-0.952
0.037,-0.9
0.108,-0.845
0.177,-0.787
0.244,-0.726
0.309,-0.663
0.371,-0.598
0.429,-0.532
0.484,-0.464
0.535,-0.396
0.582,-0.326
0.625,-0.257
0.663,-0.187
0.696,-0.118
0.725,-0.05
0.75,0.016
0.772,0.079
0.789,0.139
0.803,0.195
0.812,0.247
0.816,0.294
0.816,0.334
0.81,0.368
0.801,0.396
0.789,0.421
0.772,0.443
0.753,0.464
0.731,0.482
0.706,0.498
0.678,0.511
0.647,0.521
0.611,0.527
0.573,0.53
0.533,0.53
0.492,0.528
0.45,0.523
0.409,0.515
0.368,0.505
0.329,0.493
0.292,0.478
0.256,0.46
0.222,0.439
0.189,0.417
0.158,0.395
0.13,0.376
0.103,0.359
0.079,0.344
0.058,0.33
0.041,0.317
0.028,0.305
0.019,0.292
0.015,0.279
0.015,0.266
0.018,0.254
0.024,0.243
0.035,0.233
0.048,0.225
0.066,0.217
0.087,0.211
0.111,0.206
0.136,0.202
0.162,0.199
0.191,0.198
0.223,0.2
0.256,0.205
0.291,0.212
0.325,0.224
0.359,0.239
0.392,0.259
0.423,0.282
0.452,0.31
0.479,0.339
0.502,0.369
0.521,0.397
0.537,0.423
0.549,0.447
0.557,0.469
0.562,0.488
0.562,0.504
0.556,0.517
0.546,0.526
0.532,0.531
0.513,0.533
0.491,0.534
0.465,0.533
0.435,0.528
0.401,0.52
0.363,0.506
0.322,0.486
0.277,0.46
0.23,0.428
0.178,0.39
0.124,0.349
0.067,0.308
0.008,0.267
-0.051,0.227
-0.111,0.188
-0.17,0.15
-0.227,0.112
-0.284,0.074
-0.34,0.037
-0.397,-0.001
-0.455,-0.038
-0.516,-0.076
-0.579,-0.112
-0.645,-0.149
-0.713,-0.185
-0.782,-0.22
-0.85,-0.255
-0.917,-0.289
-0.982,-0.323
-1.044,-0.356
-1.104,-0.389
-1.162,-0.421
-1.218,-0.453
-1.271,-0.484
-1.323,-0.514
-1.372,-0.544
-1.419,-0.573
-1.463,-0.6
-1.506,-0.628
-1.545,-0.655
-1.583,-0.682
-1.617,-0.708
-1.648,-0.734
-1.674,-0.76
-1.696,-0.785
-1.712,-0.81
-1.72,-0.835
-1.718,-0.86
-1.707,-0.884
-1.684,-0.908
-1.648,-0.931
-1.599,-0.954
-1.534,-0.977
-1.454,-0.999
-1.362,-1.021
-1.258,-1.042
-1.147,-1.062
-1.035,-1.082
-0.926,-1.1
-0.821,-1.117
-0.721,-1.13
-0.625,-1.134
-0.532,-1.131
-0.44,-1.126
-0.348,-1.117
-0.258,-1.096
-0.17,-1.059
-0.085,-1.013
0,-0.963
0.084,-0.911
0.167,-0.855
0.25,-0.795
0.33,-0.731
0.409,-0.664
0.484,-0.595
0.556,-0.523
0.624,-0.448
0.688,-0.372
0.749,-0.295
0.805,-0.217
0.856,-0.139
0.901,-0.061
0.94,0.015
0.975,0.09
1.003,0.162
1.027,0.232
1.043,0.299
1.053,0.362
1.055,0.419
1.051,0.471
1.039,0.516
1.021,0.554
0.996,0.585
0.963,0.613
0.925,0.637
0.881,0.659
0.833,0.678
0.781,0.693
0.728,0.702
0.673,0.706
0.617,0.703
0.562,0.695
0.508,0.68
0.455,0.66
0.404,0.635
0.354,0.603
0.305,0.568
0.258,0.53
0.211,0.493
0.164,0.458
0.118,0.426
0.074,0.396
0.032,0.367
-0.007,0.34
-0.043,0.314
-0.076,0.289
-0.104,0.265
-0.127,0.241
-0.145,0.219
-0.158,0.198
-0.167,0.177
-0.171,0.158
-0.171,0.14
-0.167,0.123
-0.157,0.108
-0.144,0.096
-0.126,0.085
-0.105,0.075
-0.081,0.065
-0.054,0.057
-0.024,0.049
0.01,0.042
0.048,0.038
0.09,0.035
0.135,0.036
0.182,0.041
0.231,0.05
0.28,0.064
0.327,0.084
0.373,0.11
0.417,0.142
0.459,0.178
0.497,0.214
0.533,0.25
0.567,0.285
0.597,0.321
0.624,0.356
0.648,0.391
0.668,0.425
0.684,0.458
0.696,0.489
0.703,0.516
0.704,0.539
0.697,0.554
0.683,0.564
0.66,0.57
0.63,0.574
0.592,0.578
0.547,0.58
0.496,0.578
0.439,0.572
0.379,0.56
0.317,0.541
0.252,0.516
0.186,0.484
0.117,0.443
0.047,0.398
-0.026,0.349
-0.101,0.3
-0.177,0.252
-0.252,0.205
-0.328,0.159
-0.403,0.115
-0.478,0.07
-0.552,0.027
-0.626,-0.017
-0.699,-0.059
-0.772,-0.101
-0.844,-0.143
-0.914,-0.183
-0.983,-0.223
-1.05,-0.261
-1.115,-0.299
-1.177,-0.336
-1.237,-0.371
-1.295,-0.406
-1.349,-0.439
-1.401,-0.472
-1.451,-0.503
-1.496,-0.533
-1.539,-0.562
-1.577,-0.59
-1.611,-0.618
-1.64,-0.645
-1.664,-0.672
-1.682,-0.699
-1.692,-0.726
-1.693,-0.752
-1.685,-0.777
-1.667,-0.803
-1.638,-0.828
-1.595,-0.853
-1.538,-0.877
-1.466,-0.901
-1.381,-0.924
-1.285,-0.947
-1.176,-0.969
-1.06,-0.99
-0.942,-1.01
-0.825,-1.029
-0.712,-1.046
-0.605,-1.058
-0.502,-1.061
-0.402,-1.055
-0.304,-1.049
-0.208,-1.036
-0.114,-1.009
-0.024,-0.965
0.064,-0.913
0.15,-0.857
0.236,-0.798
0.321,-0.734
0.404,-0.667
0.484,-0.597
0.56,-0.523
0.631,-0.448
0.698,-0.37
0.76,-0.292
0.818,-0.212
0.869,-0.132
0.915,-0.053
0.953,0.025
0.986,0.101
1.012,0.175
1.032,0.246
1.045,0.314
1.05,0.378
1.046,0.436
1.031,0.487
1.008,0.531
0.976,0.568
0.935,0.598
0.888,0.623
0.834,0.646
0.774,0.665
0.71,0.68
0.643,0.689
0.576,0.691
0.51,0.686
0.445,0.673
0.382,0.652
0.32,0.624
0.26,0.586
0.201,0.542
0.142,0.493
0.084,0.444
0.026,0.397
-0.032,0.353
-0.088,0.312
-0.142,0.272
-0.191,0.235
-0.236,0.199
-0.275,0.165
-0.307,0.133
-0.335,0.102
-0.358,0.073
-0.377,0.044
-0.391,0.018
-0.401,-0.007
-0.406,-0.03
-0.406,-0.051
-0.401,-0.069
-0.391,-0.084
-0.373,-0.097
-0.347,-0.108
-0.313,-0.116
-0.271,-0.124
-0.223,-0.131
-0.17,-0.137
-0.111,-0.143
-0.047,-0.148
0.021,-0.15
0.088,-0.148
0.154,-0.141
0.219,-0.127
0.281,-0.104
0.341,-0.068
0.398,-0.021
0.453,0.03
0.505,0.082
0.554,0.134
0.599,0.185
0.64,0.235
0.679,0.283
0.714,0.331
0.747,0.376
0.774,0.42
0.797,0.461
0.815,0.499
0.828,0.533
0.837,0.563
0.841,0.586
0.84,0.603
0.832,0.617
0.817,0.628
0.795,0.639
0.766,0.648
0.728,0.655
0.682,0.659
0.627,0.658
0.564,0.654
0.494,0.644
0.421,0.629
0.345,0.608
0.269,0.581
0.191,0.546
0.114,0.505
0.035,0.458
-0.043,0.407
-0.122,0.356
-0.201,0.305
-0.28,0.255
-0.359,0.206
-0.437,0.158
-0.515,0.111
-0.592,0.064
-0.668,0.018
-0.744,-0.027
-0.818,-0.071
-0.892,-0.114
-0.964,-0.156
-1.034,-0.197
-1.101,-0.236
-1.167,-0.275
-1.23,-0.312
-1.291,-0.348
-1.35,-0.383
-1.406,-0.416
-1.459,-0.449
-1.508,-0.481
-1.554,-0.512
-1.595,-0.542
-1.63,-0.572
-1.66,-0.601
-1.682,-0.63
-1.697,-0.658
-1.701,-0.686
-1.693,-0.713
-1.672,-0.74
-1.636,-0.767
-1.583,-0.793
-1.513,-0.818
-1.426,-0.843
-1.325,-0.868
-1.213,-0.892
-1.089,-0.915
-0.96,-0.937
-0.833,-0.958
-0.709,-0.977
-0.59,-0.993
-0.476,-1
-0.366,-0.995
-0.256,-0.986
-0.147,-0.976
-0.039,-0.953
0.066,-0.912
0.167,-0.857
0.264,-0.796
0.358,-0.732
0.449,-0.664
0.538,-0.591
0.623,-0.515
0.705,-0.435
0.782,-0.353
0.853,-0.268
0.917,-0.183
0.976,-0.097
1.027,-0.012
1.072,0.072
1.109,0.154
1.137,0.234
1.155,0.311
1.164,0.384
1.163,0.454
1.153,0.518
1.132,0.576
1.101,0.626
1.062,0.666
1.013,0.696
0.958,0.721
0.898,0.742
0.834,0.761
0.767,0.774
0.698,0.78
0.628,0.778
0.56,0.768
0.492,0.749
0.425,0.722
0.358,0.686
0.292,0.641
0.226,0.591
0.158,0.538
0.091,0.485
0.023,0.435
-0.044,0.388
-0.11,0.343
-0.174,0.299
-0.235,0.257
-0.291,0.216
-0.343,0.176
-0.391,0.138
-0.436,0.1
-0.479,0.064
-0.518,0.029
-0.555,-0.005
-0.589,-0.038
-0.618,-0.069
-0.642,-0.1
-0.659,-0.129
-0.67,-0.157
-0.673,-0.184
-0.669,-0.209
-0.656,-0.233
-0.632,-0.256
-0.596,-0.277
-0.547,-0.296
-0.487,-0.312
-0.417,-0.325
-0.337,-0.335
-0.248,-0.342
-0.15,-0.345
-0.05,-0.346
0.048,-0.344
0.142,-0.337
0.231,-0.322
0.315,-0.292
0.395,-0.244
0.47,-0.183
0.542,-0.117
0.609,-0.05
0.671,0.018
0.729,0.084
0.784,0.149
0.836,0.212
0.885,0.274
0.931,0.334
0.972,0.392
1.008,0.447
1.037,0.499
1.061,0.548
1.079,0.593
1.089,0.631
1.089,0.664
1.078,0.692
1.054,0.716
1.018,0.738
0.971,0.76
0.915,0.78
0.85,0.797
0.779,0.808
0.701,0.813
0.621,0.811
0.539,0.801
0.458,0.782
0.377,0.754
0.296,0.715
0.212,0.666
0.126,0.608
0.038,0.547
-0.051,0.487
-0.139,0.429
-0.227,0.372
-0.314,0.318
-0.4,0.264
-0.483,0.212
-0.565,0.161
-0.644,0.111
-0.722,0.062
-0.798,0.014
-0.873,-0.033
-0.947,-0.078
-1.018,-0.122
-1.087,-0.164
-1.153,-0.206
-1.216,-0.246
-1.277,-0.284
-1.335,-0.322
-1.39,-0.358
-1.442,-0.393
-1.49,-0.426
-1.533,-0.459
-1.572,-0.491
-1.606,-0.523
-1.635,-0.553
-1.656,-0.583
-1.669,-0.612
-1.671,-0.641
-1.659,-0.67
-1.632,-0.698
-1.586,-0.725
-1.518,-0.752
-1.429,-0.778
-1.322,-0.804
-1.2,-0.829
-1.066,-0.853
-0.924,-0.877
-0.786,-0.9
-0.656,-0.921
-0.535,-0.939
-0.423,-0.951
-0.316,-0.947
-0.211,-0.934
-0.105,-0.921
0.003,-0.897
0.109,-0.853
0.212,-0.795
0.31,-0.73
0.405,-0.662
0.497,-0.59
0.584,-0.515
0.666,-0.437
0.744,-0.357
0.817,-0.274
0.884,-0.191
0.945,-0.107
1,-0.024
1.047,0.058
1.088,0.139
1.12,0.218
1.144,0.296
1.156,0.371
1.155,0.443
1.139,0.511
1.109,0.573
1.065,0.627
1.008,0.672
0.942,0.707
0.869,0.731
0.791,0.75
0.71,0.765
0.628,0.774
0.547,0.775
0.47,0.766
0.395,0.747
0.324,0.717
0.253,0.676
0.183,0.624
0.111,0.565
0.04,0.506
-0.032,0.449
-0.104,0.394
-0.177,0.342
-0.248,0.292
-0.319,0.244
-0.387,0.198
-0.452,0.153
-0.513,0.109
-0.572,0.067
-0.628,0.026
-0.682,-0.014
-0.733,-0.052
-0.781,-0.089
-0.826,-0.126
-0.868,-0.161
-0.906,-0.195
-0.94,-0.228
-0.97,-0.26
-0.994,-0.291
-1.012,-0.321
-1.022,-0.351
-1.024,-0.379
-1.016,-0.407
-0.996,-0.434
-0.963,-0.46
-0.914,-0.485
-0.849,-0.509
-0.769,-0.532
-0.677,-0.553
-0.573,-0.572
-0.461,-0.589
-0.347,-0.601
-0.235,-0.605
-0.128,-0.602
-0.028,-0.596
0.068,-0.584
0.162,-0.56
0.254,-0.517
0.344,-0.457
0.431,-0.391
0.514,-0.322
0.59,-0.251
0.662,-0.179
0.728,-0.108
0.791,-0.037
0.85,0.033
0.905,0.101
0.955,0.168
0.999,0.233
1.037,0.296
1.068,0.358
1.093,0.417
1.109,0.475
1.114,0.529
1.106,0.578
1.083,0.622
1.045,0.659
0.992,0.689
0.928,0.715
0.853,0.737
0.77,0.756
0.681,0.769
0.588,0.776
0.495,0.774
0.404,0.762
0.316,0.74
0.229,0.706
0.143,0.66
0.055,0.602
-0.034,0.538
-0.124,0.474
-0.213,0.411
-0.302,0.351
-0.391,0.293
-0.478,0.237
-0.564,0.183
-0.647,0.13
-0.728,0.078
-0.807,0.028
-0.884,-0.021
-0.958,-0.068
-1.03,-0.114
-1.099,-0.158
-1.166,-0.201
-1.229,-0.243
-1.288,-0.283
-1.344,-0.322
-1.397,-0.359
-1.445,-0.396
-1.488,-0.431
-1.525,-0.466
-1.554,-0.499
-1.575,-0.531
-1.587,-0.563
-1.588,-0.594
-1.578,-0.624
-1.555,-0.653
-1.516,-0.682
-1.458,-0.71
-1.381,-0.737
-1.285,-0.763
-1.175,-0.789
-1.055,-0.813
-0.921,-0.837
-0.782,-0.859
-0.646,-0.879
-0.515,-0.895
-0.393,-0.902
-0.278,-0.894
-0.167,-0.882
-0.057,-0.87
0.051,-0.845
0.157,-0.802
0.258,-0.743
0.354,-0.676
0.446,-0.607
0.534,-0.533
0.62,-0.455
0.701,-0.375
0.778,-0.293
0.849,-0.209
0.914,-0.123
0.973,-0.037
1.025,0.048
1.07,0.133
1.107,0.216
1.134,0.298
1.151,0.379
1.158,0.456
1.156,0.53
1.142,0.598
1.115,0.659
1.074,0.709
1.02,0.748
0.955,0.775
0.882,0.792
0.803,0.805
0.719,0.815
0.635,0.819
0.552,0.814
0.472,0.798
0.394,0.771
0.319,0.733
0.245,0.685
0.169,0.628
0.091,0.567
0.012,0.506
-0.068,0.448
-0.149,0.393
-0.23,0.339
-0.311,0.288
-0.389,0.238
-0.465,0.189
-0.536,0.142
-0.605,0.097
-0.67,0.052
-0.733,0.009
-0.793,-0.032
-0.849,-0.073
-0.903,-0.113
-0.953,-0.151
-1,-0.188
-1.043,-0.225
-1.082,-0.26
-1.116,-0.294
-1.144,-0.327
-1.165,-0.359
-1.179,-0.391
-1.182,-0.421
-1.173,-0.451
-1.149,-0.48
-1.11,-0.508
-1.053,-0.535
-0.979,-0.561
-0.891,-0.586
-0.791,-0.61
-0.677,-0.633
-0.552,-0.653
-0.425,-0.67
-0.302,-0.681
-0.185,-0.683
-0.074,-0.675
0.031,-0.664
0.133,-0.645
0.231,-0.609
0.324,-0.553
0.414,-0.485
0.498,-0.415
0.577,-0.342
0.65,-0.267
0.72,-0.191
0.784,-0.116
0.845,-0.043
0.9,0.029
0.951,0.1
0.997,0.168
1.036,0.235
1.068,0.301
1.092,0.364
1.108,0.425
1.115,0.483
1.113,0.537
1.101,0.586
1.077,0.628
1.04,0.663
0.989,0.691
0.927,0.716
0.857,0.737
0.78,0.756
0.698,0.769
0.613,0.775
0.529,0.772
0.445,0.761
0.364,0.739
0.285,0.706
0.205,0.662
0.124,0.607
0.041,0.545
-0.043,0.483
-0.128,0.422
-0.214,0.363
-0.301,0.307
-0.387,0.253
-0.472,0.201
-0.554,0.149
-0.633,0.099
-0.711,0.051
-0.786,0.004
-0.86,-0.042
-0.93,-0.087
-0.998,-0.131
-1.063,-0.173
-1.124,-0.214
-1.182,-0.254
-1.236,-0.293
-1.285,-0.331
-1.33,-0.368
-1.369,-0.404
-1.402,-0.439
-1.428,-0.474
-1.445,-0.507
-1.454,-0.539
-1.451,-0.57
-1.436,-0.6
-1.407,-0.629
-1.361,-0.658
-1.295,-0.685
-1.207,-0.712
-1.102,-0.737
-0.984,-0.761
-0.854,-0.784
-0.717,-0.804
-0.581,-0.821
-0.449,-0.831
-0.325,-0.827
-0.21,-0.816
-0.1,-0.805
0.005,-0.789
0.108,-0.758
0.207,-0.709
0.301,-0.647
0.392,-0.58
0.478,-0.508
0.56,-0.434
0.639,-0.357
0.715,-0.278
0.789,-0.198
0.859,-0.117
0.925,-0.036
0.984,0.045
1.037,0.126
1.081,0.206
1.118,0.286
1.148,0.365
1.168,0.443
1.177,0.518
1.174,0.59
1.157,0.656
1.126,0.715
1.082,0.767
1.028,0.808
0.964,0.838
0.893,0.857
0.816,0.867
0.735,0.874
0.654,0.873
0.573,0.863
0.495,0.841
0.419,0.808
0.343,0.763
0.266,0.708
0.188,0.647
0.108,0.585
0.026,0.525
-0.056,0.468
-0.138,0.413
-0.221,0.359
-0.304,0.308
-0.384,0.257
-0.462,0.209
-0.537,0.162
-0.609,0.116
-0.679,0.072
-0.747,0.029
-0.814,-0.013
-0.878,-0.054
-0.939,-0.094
-0.997,-0.133
-1.052,-0.171
-1.104,-0.209
-1.152,-0.245
-1.197,-0.281
-1.235,-0.315
-1.268,-0.349
-1.293,-0.382
-1.31,-0.415
-1.317,-0.446
-1.313,-0.477
-1.296,-0.507
-1.262,-0.536
-1.211,-0.564
-1.138,-0.592
-1.047,-0.619
-0.942,-0.646
-0.825,-0.671
-0.694,-0.695
-0.557,-0.717
-0.423,-0.736
-0.296,-0.75
-0.179,-0.75
-0.072,-0.739
0.028,-0.724
0.125,-0.702
0.218,-0.66
0.307,-0.599
0.393,-0.529
0.475,-0.458
0.553,-0.384
0.628,-0.309
0.7,-0.235
0.769,-0.16
0.835,-0.087
0.896,-0.016
0.951,0.054
1.001,0.123
1.045,0.19
1.081,0.255
1.108,0.32
1.126,0.383
1.133,0.444
1.13,0.503
1.116,0.558
1.091,0.607
1.052,0.649
0.999,0.683
0.934,0.71
0.859,0.733
0.776,0.752
0.689,0.767
0.601,0.774
0.514,0.772
0.429,0.761
0.346,0.738
0.266,0.704
0.186,0.658
0.104,0.601
0.022,0.538
-0.062,0.475
-0.147,0.413
-0.232,0.354
-0.318,0.298
-0.403,0.244
-0.486,0.191
-0.565,0.14
-0.641,0.09
-0.714,0.042
-0.785,-0.006
-0.853,-0.051
-0.918,-0.096
-0.98,-0.139
-1.038,-0.182
-1.094,-0.223
-1.146,-0.262
-1.194,-0.301
-1.238,-0.339
-1.276,-0.375
-1.308,-0.411
-1.333,-0.445
-1.348,-0.478
-1.354,-0.509
-1.346,-0.54
-1.324,-0.57
-1.284,-0.598
-1.224,-0.625
-1.145,-0.652
-1.048,-0.677
-0.937,-0.7
-0.814,-0.722
-0.678,-0.742
-0.539,-0.757
-0.404,-0.765
-0.278,-0.76
-0.161,-0.75
-0.053,-0.74
0.051,-0.723
0.152,-0.691
0.25,-0.64
0.343,-0.575
0.432,-0.505
0.516,-0.432
0.596,-0.356
0.671,-0.279
0.743,-0.2
0.812,-0.12
0.876,-0.04
0.935,0.039
0.988,0.118
1.036,0.196
1.076,0.274
1.108,0.352
1.13,0.428
1.141,0.502
1.142,0.574
1.132,0.641
1.11,0.702
1.075,0.756
1.027,0.802
0.967,0.836
0.897,0.859
0.819,0.871
0.737,0.878
0.653,0.879
0.569,0.871
0.486,0.853
0.407,0.822
0.329,0.779
0.251,0.724
0.173,0.663
0.092,0.6
0.011,0.538
-0.072,0.48
-0.156,0.423
-0.241,0.369
-0.325,0.316
-0.408,0.264
-0.488,0.214
-0.565,0.166
-0.639,0.119
-0.71,0.073
-0.78,0.029
-0.848,-0.014
-0.913,-0.057
-0.976,-0.098
-1.037,-0.138
-1.095,-0.177
-1.151,-0.215
-1.203,-0.253
-1.253,-0.289
-1.298,-0.325
-1.338,-0.359
-1.373,-0.393
-1.401,-0.426
-1.42,-0.458
-1.429,-0.49
-1.425,-0.521
-1.407,-0.551
-1.372,-0.58
-1.318,-0.608
-1.243,-0.636
-1.146,-0.663
-1.032,-0.689
-0.906,-0.714
-0.768,-0.738
-0.629,-0.76
-0.496,-0.78
-0.374,-0.794
-0.262,-0.797
-0.158,-0.785
-0.059,-0.772
0.04,-0.752
0.138,-0.716
0.234,-0.66
0.328,-0.594
0.418,-0.524
0.504,-0.453
0.584,-0.379
0.661,-0.304
0.733,-0.228
0.801,-0.152
0.864,-0.077
0.921,-0.002
0.972,0.072
1.015,0.144
1.05,0.215
1.078,0.285
1.098,0.352
1.11,0.418
1.113,0.48
1.104,0.538
1.084,0.589
1.052,0.633
1.009,0.667
0.955,0.694
0.892,0.716
0.822,0.735
0.745,0.749
0.664,0.758
0.583,0.759
0.504,0.752
0.426,0.736
0.35,0.71
0.275,0.674
0.2,0.627
0.123,0.571
0.046,0.511
-0.032,0.451
-0.112,0.393
-0.191,0.337
-0.271,0.284
-0.35,0.232
-0.427,0.182
-0.501,0.133
-0.571,0.085
-0.639,0.039
-0.704,-0.006
-0.767,-0.05
-0.827,-0.093
-0.884,-0.135
-0.937,-0.176
-0.986,-0.215
-1.031,-0.254
-1.071,-0.291
-1.106,-0.328
-1.136,-0.363
-1.158,-0.397
-1.172,-0.43
-1.175,-0.462
-1.168,-0.492
-1.147,-0.52
-1.109,-0.547
-1.052,-0.571
-0.972,-0.594
-0.872,-0.614
-0.759,-0.631
-0.635,-0.645
-0.506,-0.653
-0.38,-0.654
-0.262,-0.65
-0.153,-0.644
-0.052,-0.636
0.042,-0.619
0.132,-0.589
0.22,-0.541
0.307,-0.48
0.393,-0.413
0.475,-0.344
0.552,-0.273
0.624,-0.2
0.692,-0.128
0.757,-0.055
0.818,0.017
0.876,0.089
0.929,0.161
0.976,0.232
1.016,0.304
1.049,0.376
1.077,0.446
1.097,0.515
1.109,0.582
1.112,0.644
1.102,0.701
1.079,0.751
1.043,0.794
0.995,0.827
0.937,0.85
0.871,0.864
0.798,0.872
0.72,0.875
0.64,0.871
0.56,0.858
0.482,0.834
0.405,0.799
0.328,0.752
0.248,0.697
0.166,0.636
0.082,0.575
-0.004,0.515
-0.09,0.458
-0.177,0.403
-0.264,0.35
-0.35,0.297
-0.434,0.247
-0.515,0.198
-0.593,0.15
-0.669,0.103
-0.743,0.058
-0.815,0.013
-0.886,-0.03
-0.954,-0.072
-1.019,-0.113
-1.082,-0.153
-1.142,-0.192
-1.199,-0.231
-1.254,-0.268
-1.305,-0.304
-1.352,-0.339
-1.394,-0.374
-1.43,-0.407
-1.459,-0.44
-1.48,-0.472
-1.492,-0.504
-1.492,-0.534
-1.48,-0.564
-1.451,-0.594
-1.405,-0.622
-1.338,-0.65
-1.251,-0.678
-1.149,-0.704
-1.038,-0.73
-0.916,-0.754
-0.785,-0.778
-0.654,-0.799
-0.526,-0.818
-0.405,-0.829
-0.289,-0.828
-0.177,-0.817
-0.067,-0.805
0.042,-0.786
0.148,-0.75
0.247,-0.695
0.339,-0.63
0.424,-0.562
0.504,-0.49
0.579,-0.415
0.65,-0.338
0.718,-0.26
0.781,-0.181
0.84,-0.103
0.895,-0.026
0.944,0.05
0.988,0.124
1.023,0.195
1.05,0.264
1.067,0.33
1.075,0.393
1.072,0.452
1.059,0.507
1.033,0.554
0.995,0.593
0.945,0.625
0.886,0.65
0.82,0.672
0.749,0.691
0.675,0.705
0.6,0.713
0.526,0.714
0.453,0.705
0.382,0.687
0.312,0.659
0.242,0.62
0.17,0.572
0.096,0.516
0.02,0.457
-0.058,0.4
-0.137,0.344
-0.215,0.292
-0.293,0.241
-0.367,0.192
-0.438,0.144
-0.505,0.097
-0.567,0.051
-0.627,0.006
-0.684,-0.037
-0.737,-0.08
-0.786,-0.122
-0.832,-0.162
-0.873,-0.201
-0.911,-0.24
-0.943,-0.277
-0.97,-0.312
-0.99,-0.347
-1.002,-0.38
-1.005,-0.412
-0.998,-0.441
-0.976,-0.469
-0.938,-0.493
-0.881,-0.515
-0.806,-0.532
-0.716,-0.544
-0.617,-0.551
-0.509,-0.552
-0.397,-0.55
-0.287,-0.548
-0.182,-0.544
-0.084,-0.536
0.008,-0.522
0.095,-0.496
0.18,-0.457
0.264,-0.404
0.347,-0.342
0.425,-0.278
0.499,-0.212
0.567,-0.146
0.631,-0.079
0.69,-0.012
0.747,0.053
0.801,0.119
0.85,0.185
0.895,0.25
0.934,0.316
0.969,0.381
0.998,0.446
1.021,0.509
1.036,0.569
1.042,0.626
1.038,0.678
1.023,0.723
0.996,0.762
0.958,0.793
0.909,0.814
0.85,0.828
0.783,0.835
0.709,0.839
0.632,0.838
0.554,0.828
0.477,0.809
0.401,0.779
0.326,0.737
0.25,0.686
0.173,0.628
0.095,0.568
0.016,0.509
-0.064,0.453
-0.145,0.398
-0.227,0.345
-0.309,0.294
-0.39,0.243
-0.469,0.195
-0.546,0.148
-0.621,0.102
-0.694,0.057
-0.765,0.014
-0.835,-0.028
-0.903,-0.07
-0.968,-0.11
-1.032,-0.15
-1.093,-0.188
-1.151,-0.226
-1.208,-0.263
-1.263,-0.299
-1.314,-0.334
-1.362,-0.368
-1.405,-0.402
-1.444,-0.434
-1.478,-0.466
-1.505,-0.497
-1.525,-0.528
-1.537,-0.558
-1.538,-0.587
-1.529,-0.615
-1.506,-0.643
-1.469,-0.67
-1.415,-0.697
-1.341,-0.722
-1.249,-0.748
-1.143,-0.772
-1.026,-0.795
-0.899,-0.818
-0.77,-0.839
-0.644,-0.858
-0.524,-0.872
-0.412,-0.877
-0.306,-0.871
-0.203,-0.863
-0.101,-0.852
0,-0.829
0.099,-0.788
0.194,-0.732
0.284,-0.669
0.37,-0.603
0.452,-0.533
0.53,-0.461
0.605,-0.386
0.676,-0.31
0.742,-0.233
0.801,-0.154
0.853,-0.076
0.897,0.002
0.935,0.078
0.964,0.153
0.986,0.226
0.998,0.296
1.001,0.363
0.993,0.425
0.975,0.481
0.946,0.529
0.908,0.568
0.861,0.596
0.806,0.616
0.744,0.632
0.678,0.646
0.609,0.655
0.54,0.657
0.472,0.653
0.406,0.64
0.341,0.618
0.277,0.588
0.213,0.549
0.149,0.501
0.084,0.449
0.018,0.395
-0.049,0.342
-0.117,0.291
-0.184,0.243
-0.251,0.196
-0.316,0.151
-0.377,0.107
-0.435,0.064
-0.489,0.022
-0.539,-0.02
-0.587,-0.06
-0.63,-0.099
-0.669,-0.137
-0.703,-0.174
-0.732,-0.21
-0.754,-0.245
-0.771,-0.279
-0.78,-0.311
-0.781,-0.342
-0.771,-0.37
-0.749,-0.395
-0.713,-0.417
-0.665,-0.434
-0.603,-0.442
-0.529,-0.44
-0.446,-0.433
-0.354,-0.428
-0.257,-0.423
-0.158,-0.416
-0.063,-0.404
0.027,-0.385
0.113,-0.358
0.194,-0.318
0.271,-0.269
0.345,-0.213
0.415,-0.153
0.482,-0.092
0.544,-0.03
0.602,0.032
0.656,0.092
0.706,0.152
0.753,0.21
0.796,0.268
0.836,0.326
0.871,0.383
0.903,0.44
0.93,0.495
0.952,0.548
0.969,0.599
0.98,0.645
0.985,0.686
0.983,0.721
0.974,0.75
0.956,0.772
0.929,0.788
0.893,0.8
0.849,0.809
0.799,0.815
0.745,0.818
0.685,0.815
0.623,0.805
0.559,0.787
0.493,0.761
0.425,0.727
0.357,0.685
0.287,0.636
0.214,0.584
0.139,0.532
0.062,0.48
-0.017,0.431
-0.097,0.382
-0.178,0.335
-0.258,0.289
-0.337,0.244
-0.415,0.199
-0.49,0.156
-0.564,0.112
-0.637,0.07
-0.709,0.028
-0.78,-0.014
-0.849,-0.054
-0.916,-0.095
-0.981,-0.134
-1.045,-0.172
-1.106,-0.21
-1.166,-0.247
-1.223,-0.283
-1.277,-0.318
-1.328,-0.352
-1.376,-0.386
-1.419,-0.418
-1.457,-0.45
-1.489,-0.481
-1.514,-0.511
-1.531,-0.541
-1.541,-0.57
-1.54,-0.598
-1.529,-0.626
-1.505,-0.654
-1.468,-0.68
-1.415,-0.706
-1.346,-0.732
-1.261,-0.756
-1.165,-0.78
-1.056,-0.803
-0.936,-0.825
-0.812,-0.845
-0.692,-0.863
-0.577,-0.876
-0.468,-0.881
-0.365,-0.877
-0.266,-0.872
-0.169,-0.864
-0.074,-0.845
0.018,-0.81
0.105,-0.759
0.189,-0.7
0.269,-0.638
0.345,-0.573
0.418,-0.505
0.487,-0.435
0.552,-0.363
0.612,-0.29
0.668,-0.217
0.719,-0.143
0.765,-0.07
0.804,0.003
0.836,0.074
0.861,0.144
0.879,0.211
0.89,0.277
0.894,0.339
0.888,0.397
0.873,0.449
0.849,0.494
0.817,0.528
0.778,0.552
0.733,0.567
0.683,0.579
0.629,0.59
0.573,0.596
0.516,0.596
0.459,0.59
0.402,0.576
0.344,0.555
0.287,0.527
0.23,0.492
0.174,0.449
0.117,0.403
0.06,0.354
0.003,0.307
-0.053,0.261
-0.109,0.218
-0.163,0.176
-0.214,0.136
-0.262,0.098
-0.305,0.06
-0.344,0.023
-0.378,-0.013
-0.408,-0.047
-0.434,-0.081
-0.457,-0.113
-0.475,-0.144
-0.487,-0.174
-0.494,-0.202
-0.495,-0.228
-0.49,-0.25
-0.477,-0.268
-0.455,-0.28
-0.424,-0.282
-0.383,-0.275
-0.332,-0.267
-0.273,-0.261
-0.209,-0.254
-0.138,-0.245
-0.062,-0.232
0.015,-0.214
0.09,-0.192
0.162,-0.161
0.231,-0.124
0.298,-0.08
0.361,-0.031
0.421,0.021
0.478,0.074
0.531,0.127
0.581,0.179
0.628,0.23
0.671,0.28
0.712,0.329
0.751,0.376
0.787,0.422
0.82,0.467
0.849,0.511
0.874,0.553
0.896,0.593
0.913,0.63
0.927,0.664
0.934,0.693
0.935,0.717
0.928,0.737
0.913,0.752
0.891,0.764
0.861,0.774
0.824,0.783
0.78,0.788
0.73,0.789
0.675,0.785
0.616,0.774
0.556,0.756
0.493,0.732
0.428,0.7
0.363,0.66
0.295,0.614
0.226,0.564
0.155,0.514
0.083,0.465
0.009,0.417
-0.066,0.37
-0.142,0.325
-0.219,0.28
-0.295,0.236
-0.37,0.193
-0.443,0.15
-0.514,0.108
-0.585,0.066
-0.654,0.024
-0.722,-0.017
-0.789,-0.057
-0.855,-0.097
-0.918,-0.136
-0.98,-0.174
-1.041,-0.211
-1.1,-0.248
-1.157,-0.284
-1.212,-0.319
-1.264,-0.353
-1.314,-0.386
-1.36,-0.419
-1.402,-0.45
-1.441,-0.481
-1.474,-0.511
-1.501,-0.54
-1.52,-0.568
-1.533,-0.595
-1.536,-0.622
-1.531,-0.648
-1.516,-0.674
-1.489,-0.699
-1.449,-0.724
-1.395,-0.748
-1.326,-0.771
-1.244,-0.794
-1.151,-0.817
-1.045,-0.839
-0.929,-0.859
-0.812,-0.879
-0.697,-0.895
-0.589,-0.906
-0.488,-0.91
-0.393,-0.907
-0.302,-0.904
-0.212,-0.895
-0.126,-0.876
-0.045,-0.84
0.033,-0.79
0.106,-0.733
0.176,-0.674
0.243,-0.613
0.309,-0.549
0.372,-0.483
0.431,-0.417
0.486,-0.35
0.538,-0.283
0.585,-0.215
0.628,-0.148
0.665,-0.081
0.695,-0.016
0.717,0.048
0.733,0.11
0.742,0.17
0.744,0.228
0.739,0.281
0.726,0.33
0.705,0.373
0.677,0.408
0.642,0.433
0.602,0.451
0.559,0.464
0.512,0.474
0.464,0.48
0.414,0.48
0.365,0.475
0.315,0.462
0.266,0.443
0.218,0.416
0.171,0.383
0.125,0.344
0.081,0.301
0.038,0.257
-0.006,0.214
-0.048,0.174
-0.09,0.136
-0.13,0.101
-0.167,0.068
-0.2,0.036
-0.229,0.006
-0.252,-0.022
-0.269,-0.049
-0.28,-0.075
-0.286,-0.1
-0.286,-0.124
-0.281,-0.146
-0.271,-0.167
-0.256,-0.184
-0.236,-0.197
-0.212,-0.203
-0.182,-0.198
-0.147,-0.188
-0.106,-0.176
-0.059,-0.162
-0.006,-0.144
0.055,-0.119
0.12,-0.087
0.185,-0.048
0.25,-0.004
0.313,0.044
0.371,0.094
0.425,0.145
0.473,0.195
0.516,0.244
0.553,0.293
0.585,0.341
0.612,0.388
0.636,0.433
0.656,0.475
0.674,0.513
0.689,0.548
0.702,0.578
0.713,0.604
0.723,0.624
0.73,0.638
0.735,0.647
0.736,0.652
0.733,0.655
0.726,0.658
0.716,0.66
0.702,0.661
0.686,0.66
0.666,0.656
0.644,0.65
0.618,0.641
0.59,0.63
0.557,0.615
0.521,0.597
0.48,0.575
0.435,0.55
0.386,0.522
0.335,0.492
0.282,0.462
0.227,0.43
0.169,0.398
0.11,0.366
0.049,0.334
-0.014,0.301
-0.077,0.267
-0.141,0.233
-0.205,0.198
-0.269,0.162
-0.333,0.127
-0.396,0.09
-0.46,0.054
-0.525,0.018
-0.589,-0.019
-0.652,-0.055
-0.714,-0.091
-0.775,-0.126
-0.835,-0.162
-0.894,-0.197
-0.952,-0.232
-1.009,-0.266
-1.065,-0.3
-1.119,-0.334
-1.172,-0.367
-1.223,-0.4
-1.271,-0.432
-1.317,-0.464
-1.36,-0.496
-1.4,-0.526
-1.436,-0.556
-1.468,-0.584
-1.494,-0.612
-1.513,-0.639
-1.524,-0.664
-1.527,-0.69
-1.521,-0.714
-1.506,-0.738
-1.482,-0.762
-1.448,-0.786
-1.405,-0.809
-1.35,-0.832
-1.286,-0.854
-1.212,-0.876
-1.127,-0.896
-1.031,-0.915
-0.93,-0.932
-0.827,-0.947
-0.727,-0.958
-0.633,-0.964
-0.544,-0.965
-0.459,-0.965
-0.377,-0.961
-0.299,-0.95
-0.224,-0.927
-0.154,-0.889
-0.087,-0.841
-0.022,-0.791
0.04,-0.738
0.101,-0.682
0.159,-0.624
0.214,-0.565
0.266,-0.506
0.313,-0.446
0.357,-0.385
0.397,-0.325
0.434,-0.265
0.467,-0.205
0.496,-0.147
0.521,-0.09
0.542,-0.036
0.56,0.017
0.575,0.066
0.587,0.113
0.595,0.155
0.599,0.193
0.599,0.227
0.596,0.255
0.589,0.278
0.578,0.297
0.564,0.315
0.545,0.33
0.523,0.344
0.497,0.355
0.468,0.364
0.435,0.37
0.401,0.372
0.366,0.371
0.331,0.366
0.296,0.357
0.262,0.344
0.229,0.328
0.2,0.308
0.172,0.285
0.147,0.26
0.125,0.234
0.106,0.208
0.091,0.183
0.079,0.161
0.071,0.142
0.066,0.125
0.066,0.111
0.069,0.101
0.075,0.094
0.085,0.092
0.098,0.096
0.114,0.103
0.132,0.113
0.154,0.124
0.179,0.138
0.206,0.155
0.235,0.177
0.267,0.203
0.302,0.233
0.339,0.266
0.377,0.3
0.416,0.336
0.454,0.373
0.489,0.41
0.522,0.446
0.551,0.48
0.576,0.513
0.596,0.544
0.611,0.572
0.622,0.599
0.629,0.623
0.631,0.643
0.63,0.661
0.626,0.674
0.62,0.683
0.612,0.687
0.602,0.686
0.591,0.679
0.577,0.668
0.561,0.654
0.543,0.637
0.523,0.616
0.502,0.589
0.478,0.559
0.451,0.527
0.422,0.495
0.39,0.463
0.356,0.433
0.32,0.404
0.283,0.376
0.245,0.349
0.207,0.322
0.168,0.295
0.128,0.269
0.088,0.242
0.047,0.216
0.005,0.19
-0.038,0.163
-0.082,0.137
-0.128,0.11
-0.176,0.084
-0.226,0.058
-0.276,0.031
-0.328,0.005
-0.379,-0.022
-0.431,-0.049
-0.482,-0.076
-0.533,-0.105
-0.583,-0.134
-0.634,-0.163
-0.686,-0.193
-0.738,-0.223
-0.79,-0.253
-0.843,-0.284
-0.895,-0.314
-0.946,-0.345
-0.995,-0.376
-1.041,-0.407
-1.085,-0.437
-1.126,-0.468
-1.166,-0.499
-1.203,-0.529
-1.239,-0.559
-1.274,-0.589
-1.307,-0.618
-1.338,-0.646
-1.366,-0.673
-1.39,-0.698
-1.408,-0.722
-1.419,-0.745
-1.421,-0.766
-1.415,-0.787
-1.4,-0.807
-1.376,-0.828
-1.343,-0.847
-1.3,-0.867
-1.249,-0.886
-1.19,-0.904
-1.123,-0.922
-1.047,-0.938
-0.965,-0.953
-0.878,-0.965
-0.79,-0.974
-0.703,-0.98
-0.618,-0.983
-0.535,-0.985
-0.453,-0.983
-0.374,-0.974
-0.297,-0.954
-0.222,-0.921
-0.15,-0.878
-0.08,-0.832
-0.012,-0.784
0.054,-0.732
0.118,-0.678
0.179,-0.623
0.236,-0.567
0.289,-0.509
0.337,-0.45
0.381,-0.391
0.422,-0.331
0.46,-0.271
0.495,-0.211
0.526,-0.152
0.555,-0.094
0.582,-0.039
0.606,0.014
0.628,0.065
0.648,0.113
0.663,0.157
0.674,0.198
0.681,0.235
0.685,0.267
0.685,0.294
0.682,0.319
0.677,0.341
0.67,0.361
0.661,0.38
0.649,0.397
0.636,0.413
0.621,0.427
0.604,0.438
0.586,0.447
0.567,0.453
0.547,0.456
0.525,0.458
0.503,0.457
0.48,0.454
0.457,0.45
0.434,0.445
0.412,0.44
0.39,0.435
0.37,0.43
0.352,0.425
0.336,0.419
0.322,0.412
0.311,0.405
0.301,0.399
0.293,0.395
0.286,0.397
0.282,0.404
0.28,0.41
0.281,0.414
0.285,0.418
0.293,0.42
0.304,0.423
0.318,0.424
0.335,0.426
0.352,0.429
0.37,0.432
0.387,0.436
0.403,0.442
0.417,0.448
0.431,0.456
0.444,0.465
0.456,0.474
0.467,0.484
0.477,0.494
0.485,0.504
0.492,0.513
0.497,0.522
0.5,0.53
0.502,0.537
0.5,0.542
0.496,0.545
0.489,0.546
0.48,0.543
0.47,0.537
0.458,0.528
0.447,0.516
0.435,0.501
0.423,0.483
0.411,0.463
0.398,0.443
0.383,0.423
0.366,0.404
0.346,0.384
0.323,0.364
0.297,0.345
0.269,0.327
0.24,0.309
0.209,0.291
0.178,0.272
0.146,0.253
0.113,0.232
0.08,0.211
0.046,0.189
0.01,0.166
-0.029,0.142
-0.069,0.118
-0.11,0.093
-0.154,0.067
-0.198,0.041
-0.243,0.015
-0.29,-0.012
-0.337,-0.039
-0.384,-0.067
-0.432,-0.095
-0.48,-0.124
-0.528,-0.153
-0.576,-0.182
-0.624,-0.212
-0.672,-0.242
-0.719,-0.272
-0.766,-0.303
-0.812,-0.334
-0.858,-0.365
-0.903,-0.395
-0.947,-0.426
-0.989,-0.456
-1.031,-0.486
-1.071,-0.516
-1.11,-0.545
-1.146,-0.574
-1.181,-0.601
-1.212,-0.628
-1.241,-0.652
-1.266,-0.675
-1.286,-0.695
-1.3,-0.714
-1.309,-0.731
-1.312,-0.749
-1.308,-0.768
-1.299,-0.788
-1.283,-0.808
-1.261,-0.828
-1.231,-0.848
-1.195,-0.867
-1.152,-0.885
-1.1,-0.903
-1.038,-0.918
-0.968,-0.933
-0.89,-0.944
-0.809,-0.953
-0.728,-0.959
-0.648,-0.964
-0.571,-0.966
-0.496,-0.965
-0.423,-0.959
-0.353,-0.943
-0.284,-0.915
-0.217,-0.876
-0.152,-0.834
-0.088,-0.79
-0.026,-0.743
0.034,-0.694
0.093,-0.644
0.15,-0.593
0.206,-0.541
0.261,-0.488
0.315,-0.435
0.368,-0.38
0.42,-0.325
0.47,-0.269
0.518,-0.212
0.563,-0.154
0.607,-0.096
0.648,-0.038
0.686,0.02
0.721,0.077
0.752,0.133
0.78,0.187
0.804,0.24
0.825,0.289
0.842,0.335
0.854,0.377
0.862,0.413
0.867,0.443
0.867,0.469
0.863,0.492
0.855,0.514
0.843,0.534
0.827,0.552
0.806,0.569
0.782,0.584
0.755,0.596
0.725,0.605
0.694,0.611
0.662,0.614
0.629,0.615
0.596,0.613
0.564,0.609
0.532,0.603
0.501,0.594
0.47,0.584
0.44,0.573
0.411,0.56
0.384,0.547
0.358,0.534
0.335,0.524
0.315,0.519
0.297,0.517
0.283,0.515
0.272,0.51
0.263,0.503
0.257,0.494
0.252,0.484
0.248,0.473
0.245,0.462
0.241,0.452
0.238,0.442
0.234,0.433
0.23,0.425
0.227,0.416
0.224,0.408
0.223,0.4
0.224,0.391
0.226,0.382
0.229,0.373
0.232,0.364
0.235,0.355
0.238,0.346
0.24,0.337
0.242,0.328
0.242,0.319
0.242,0.311
0.242,0.302
0.241,0.293
0.239,0.284
0.237,0.275
0.234,0.266
0.231,0.257
0.227,0.248
0.223,0.24
0.219,0.231
0.214,0.222
0.21,0.213
0.206,0.203
0.201,0.193
0.196,0.182
0.189,0.172
0.18,0.162
0.168,0.153
0.154,0.144
0.137,0.135
0.118,0.125
0.097,0.116
0.074,0.107
0.049,0.096
0.023,0.084
-0.004,0.071
-0.034,0.056
-0.065,0.038
-0.098,0.019
-0.134,-0.002
-0.172,-0.025
-0.212,-0.048
-0.254,-0.073
-0.297,-0.098
-0.342,-0.123
-0.388,-0.15
-0.435,-0.176
-0.483,-0.204
-0.532,-0.232
-0.581,-0.26
-0.63,-0.288
-0.68,-0.317
-0.73,-0.346
-0.78,-0.375
-0.83,-0.404
-0.879,-0.432
-0.927,-0.46
-0.974,-0.487
-1.019,-0.514
-1.061,-0.539
-1.101,-0.564
-1.138,-0.588
-1.173,-0.611
-1.205,-0.634
-1.235,-0.656
-1.263,-0.678
-1.288,-0.7
-1.311,-0.722
-1.33,-0.744
-1.346,-0.766
-1.358,-0.788
-1.365,-0.809
-1.367,-0.83
-1.363,-0.851
-1.351,-0.871
-1.331,-0.891
-1.3,-0.91
-1.259,-0.929
-1.208,-0.947
-1.147,-0.964
-1.076,-0.981
-0.995,-0.996
-0.906,-1.009
-0.813,-1.02
-0.722,-1.027
-0.634,-1.031
-0.549,-1.033
-0.467,-1.032
-0.387,-1.025
-0.309,-1.006
-0.234,-0.973
-0.16,-0.932
-0.087,-0.889
-0.016,-0.843
0.055,-0.792
0.124,-0.739
0.191,-0.683
0.257,-0.625
0.322,-0.565
0.386,-0.503
0.448,-0.439
0.507,-0.373
0.564,-0.307
0.618,-0.239
0.668,-0.172
0.715,-0.104
0.759,-0.037
0.8,0.029
0.838,0.093
0.872,0.156
0.902,0.217
0.927,0.274
0.949,0.329
0.966,0.379
0.978,0.424
0.986,0.464
0.988,0.499
0.983,0.529
0.973,0.556
0.957,0.582
0.936,0.607
0.91,0.631
0.879,0.653
0.844,0.671
0.806,0.687
0.765,0.699
0.721,0.708
0.676,0.714
0.63,0.715
0.583,0.713
0.537,0.706
0.49,0.695
0.445,0.678
0.401,0.655
0.357,0.628
0.314,0.598
0.272,0.567
0.23,0.538
0.19,0.511
0.152,0.484
0.116,0.458
0.084,0.432
0.056,0.407
0.03,0.381
0.009,0.354
-0.01,0.329
-0.026,0.303
-0.039,0.279
-0.05,0.256
-0.06,0.234
-0.068,0.214
-0.074,0.194
-0.076,0.176
-0.074,0.159
-0.068,0.144
-0.059,0.129
-0.047,0.115
-0.031,0.103
-0.013,0.091
0.006,0.08
0.027,0.071
0.049,0.063
0.073,0.057
0.098,0.052
0.125,0.049
0.154,0.05
0.183,0.054
0.213,0.063
0.242,0.077
0.27,0.098
0.297,0.123
0.323,0.151
0.348,0.179
0.37,0.204
0.39,0.227
0.406,0.246
0.419,0.261
0.427,0.274
0.431,0.283
0.431,0.291
0.427,0.298
0.419,0.305
0.407,0.312
0.392,0.318
0.373,0.323
0.351,0.326
0.327,0.326
0.299,0.324
0.267,0.319
0.23,0.311
0.189,0.299
0.144,0.283
0.097,0.263
0.049,0.239
-0.001,0.209
-0.053,0.177
-0.105,0.141
-0.159,0.105
-0.214,0.068
-0.269,0.031
-0.325,-0.005
-0.382,-0.041
-0.441,-0.077
-0.501,-0.113
-0.561,-0.148
-0.622,-0.184
-0.681,-0.219
-0.739,-0.253
-0.796,-0.287
-0.851,-0.321
-0.905,-0.354
-0.957,-0.385
-1.006,-0.416
-1.053,-0.445
-1.098,-0.473
-1.14,-0.499
-1.179,-0.525
-1.214,-0.549
-1.246,-0.573
-1.273,-0.596
-1.297,-0.619
-1.316,-0.642
-1.332,-0.665
-1.342,-0.688
-1.347,-0.711
-1.345,-0.733
-1.336,-0.755
-1.32,-0.777
-1.294,-0.798
-1.26,-0.819
-1.214,-0.84
-1.157,-0.86
-1.089,-0.88
-1.01,-0.898
-0.92,-0.917
-0.824,-0.934
-0.726,-0.949
-0.628,-0.961
-0.533,-0.968
-0.44,-0.969
-0.349,-0.966
-0.26,-0.957
-0.172,-0.936
-0.086,-0.9
-0.001,-0.854
0.083,-0.805
0.166,-0.752
0.247,-0.695
0.326,-0.634
0.405,-0.57
0.482,-0.503
0.557,-0.434
0.629,-0.362
0.698,-0.289
0.762,-0.213
0.821,-0.137
0.875,-0.061
0.925,0.015
0.971,0.091
1.012,0.164
1.049,0.236
1.08,0.305
1.107,0.371
1.129,0.434
1.144,0.492
1.153,0.545
1.153,0.592
1.146,0.632
1.13,0.667
1.107,0.698
1.078,0.727
1.043,0.755
1.003,0.781
0.958,0.804
0.911,0.822
0.861,0.834
0.809,0.841
0.757,0.841
0.703,0.835
0.648,0.822
0.593,0.803
0.539,0.776
0.485,0.743
0.431,0.705
0.377,0.663
0.323,0.622
0.269,0.582
0.216,0.544
0.165,0.509
0.116,0.474
0.07,0.44
0.028,0.406
-0.012,0.373
-0.048,0.34
-0.081,0.309
-0.112,0.278
-0.139,0.248
-0.163,0.22
-0.185,0.191
-0.205,0.164
-0.222,0.137
-0.235,0.11
-0.244,0.084
-0.247,0.06
-0.246,0.036
-0.239,0.014
-0.227,-0.007
-0.209,-0.025
-0.184,-0.042
-0.153,-0.056
-0.115,-0.066
-0.07,-0.073
-0.021,-0.077
0.032,-0.078
0.091,-0.077
0.154,-0.074
0.222,-0.066
0.289,-0.053
0.355,-0.029
0.419,0.006
0.478,0.051
0.534,0.099
0.585,0.148
0.631,0.197
0.673,0.244
0.708,0.29
0.739,0.334
0.764,0.376
0.784,0.415
0.799,0.45
0.81,0.481
0.817,0.505
0.821,0.525
0.821,0.541
0.817,0.555
0.808,0.57
0.794,0.584
0.773,0.597
0.745,0.608
0.711,0.616
0.673,0.62
0.631,0.621
0.586,0.617
0.538,0.609
0.487,0.595
0.431,0.576
0.373,0.55
0.312,0.518
0.249,0.48
0.184,0.437
0.117,0.393
0.048,0.349
-0.022,0.306
-0.093,0.264
-0.163,0.222
-0.233,0.181
-0.3,0.14
-0.366,0.099
-0.429,0.059
-0.49,0.018
-0.551,-0.021
-0.611,-0.06
-0.669,-0.098
-0.726,-0.135
-0.779,-0.17
-0.83,-0.204
-0.877,-0.236
-0.921,-0.267
-0.962,-0.297
-1,-0.325
-1.034,-0.353
-1.065,-0.381
-1.092,-0.408
-1.114,-0.435
-1.13,-0.461
-1.14,-0.488
-1.143,-0.514
-1.137,-0.54
-1.121,-0.566
-1.096,-0.591
-1.059,-0.616
-1.009,-0.64
-0.945,-0.664
-0.866,-0.686
-0.772,-0.708
-0.667,-0.729
-0.555,-0.748
-0.435,-0.765
-0.311,-0.777
-0.185,-0.781
-0.06,-0.774
0.062,-0.761
0.182,-0.741
0.298,-0.704
0.41,-0.649
0.518,-0.586
0.622,-0.519
0.72,-0.447
0.813,-0.372
0.901,-0.295
0.984,-0.216
1.062,-0.135
1.135,-0.052
1.202,0.03
1.264,0.113
1.322,0.195
1.377,0.277
1.429,0.359
1.476,0.441
1.517,0.522
1.549,0.6
1.573,0.674
1.587,0.743
1.591,0.806
1.584,0.863
1.566,0.913
1.537,0.956
1.497,0.994
1.449,1.029
1.392,1.06
1.331,1.087
1.267,1.108
1.201,1.122
1.133,1.128
1.064,1.126
0.994,1.116
0.923,1.099
0.852,1.074
0.781,1.041
0.712,1
0.645,0.952
0.579,0.9
0.514,0.845
0.451,0.79
0.389,0.738
0.329,0.688
0.271,0.641
0.215,0.594
0.163,0.549
0.114,0.505
0.068,0.462
0.025,0.42
-0.017,0.379
-0.057,0.339
-0.097,0.301
-0.134,0.263
-0.168,0.226
-0.198,0.191
-0.224,0.156
-0.246,0.123
-0.265,0.091
-0.278,0.06
-0.286,0.03
-0.287,0.002
-0.282,-0.025
-0.269,-0.051
-0.25,-0.074
-0.221,-0.096
-0.184,-0.115
-0.138,-0.132
-0.082,-0.146
-0.018,-0.155
0.052,-0.158
0.129,-0.156
0.21,-0.15
0.297,-0.138
0.39,-0.119
0.487,-0.088
0.583,-0.042
0.675,0.015
0.761,0.076
0.839,0.139
0.91,0.204
0.974,0.266
1.031,0.327
1.082,0.384
1.127,0.439
1.165,0.49
1.197,0.536
1.222,0.577
1.241,0.613
1.254,0.645
1.259,0.675
1.257,0.704
1.247,0.734
1.229,0.763
1.204,0.792
1.172,0.82
1.133,0.845
1.087,0.867
1.037,0.885
0.982,0.9
0.926,0.909
0.866,0.913
0.805,0.909
0.741,0.898
0.675,0.879
0.609,0.851
0.542,0.813
0.476,0.767
0.409,0.714
0.343,0.658
0.277,0.603
0.212,0.549
0.146,0.498
0.083,0.448
0.02,0.4
-0.04,0.352
-0.099,0.305
-0.158,0.259
-0.217,0.213
-0.276,0.169
-0.335,0.126
-0.392,0.084
-0.448,0.044
-0.501,0.005
-0.553,-0.033
-0.602,-0.07
-0.649,-0.105
-0.692,-0.14
-0.733,-0.173
-0.77,-0.206
-0.804,-0.238
-0.833,-0.269
-0.858,-0.3
-0.878,-0.33
-0.892,-0.359
-0.899,-0.388
-0.898,-0.415
-0.889,-0.443
-0.871,-0.47
-0.841,-0.496
-0.799,-0.521
-0.739,-0.545
-0.66,-0.569
-0.561,-0.591
-0.446,-0.612
-0.319,-0.631
-0.186,-0.648
-0.049,-0.658
0.091,-0.657
0.232,-0.641
0.37,-0.616
0.504,-0.58
0.632,-0.525
0.753,-0.456
0.868,-0.381
0.976,-0.3
1.079,-0.214
1.177,-0.127
1.27,-0.04
1.356,0.048
1.434,0.136
1.504,0.224
1.564,0.313
1.617,0.402
1.662,0.491
1.702,0.58
1.734,0.666
1.757,0.748
1.768,0.827
1.766,0.9
1.751,0.968
1.725,1.031
1.69,1.086
1.646,1.134
1.592,1.174
1.528,1.208
1.457,1.236
1.384,1.256
1.31,1.267
1.236,1.269
1.163,1.261
1.089,1.243
1.016,1.216
0.942,1.179
0.869,1.134
0.797,1.082
0.726,1.024
0.656,0.963
0.587,0.902
0.519,0.843
0.451,0.787
0.385,0.733
0.32,0.681
0.259,0.631
0.2,0.581
0.145,0.533
0.091,0.487
0.039,0.441
-0.012,0.396
-0.064,0.353
-0.113,0.311
-0.161,0.269
-0.206,0.229
-0.248,0.19
-0.287,0.151
-0.322,0.114
-0.353,0.078
-0.38,0.042
-0.402,0.008
-0.42,-0.025
-0.433,-0.057
-0.44,-0.088
-0.44,-0.118
-0.434,-0.146
-0.42,-0.174
-0.398,-0.2
-0.365,-0.225
-0.32,-0.248
-0.262,-0.269
-0.191,-0.289
-0.106,-0.305
-0.008,-0.318
0.101,-0.324
0.216,-0.32
0.338,-0.307
0.467,-0.283
0.596,-0.247
0.721,-0.195
0.839,-0.129
0.949,-0.058
1.052,0.02
1.148,0.102
1.237,0.183
1.319,0.263
1.394,0.342
1.46,0.419
1.518,0.494
1.566,0.566
1.603,0.635
1.631,0.699
1.649,0.758
1.657,0.812
1.656,0.862
1.643,0.908
1.62,0.951
1.587,0.992
1.544,1.032
1.494,1.068
1.435,1.1
1.369,1.128
1.3,1.149
1.23,1.163
1.158,1.168
1.085,1.165
1.011,1.152
0.936,1.13
0.861,1.099
0.786,1.058
0.713,1.008
0.64,0.951
0.568,0.889
0.497,0.827
0.427,0.767
0.357,0.71
0.288,0.655
0.221,0.601
0.157,0.549
0.095,0.498
0.034,0.448
-0.026,0.399
-0.087,0.351
-0.147,0.304
-0.206,0.259
-0.263,0.215
-0.318,0.171
-0.371,0.129
-0.42,0.089
-0.467,0.049
-0.511,0.01
-0.552,-0.027
-0.59,-0.063
-0.624,-0.098
-0.653,-0.132
-0.677,-0.165
-0.696,-0.197
-0.708,-0.228
-0.713,-0.258
-0.709,-0.287
-0.696,-0.315
-0.673,-0.342
-0.637,-0.369
-0.586,-0.394
-0.516,-0.418
-0.426,-0.44
-0.316,-0.461
-0.191,-0.479
-0.054,-0.493
0.088,-0.499
0.236,-0.493
0.386,-0.473
0.533,-0.444
0.674,-0.402
0.808,-0.34
0.934,-0.262
1.053,-0.178
1.167,-0.088
1.275,0.006
1.377,0.1
1.473,0.193
1.562,0.286
1.643,0.38
1.713,0.475
1.772,0.57
1.821,0.662
1.861,0.752
1.895,0.839
1.919,0.923
1.931,1.004
1.928,1.081
1.911,1.153
1.879,1.216
1.836,1.27
1.784,1.315
1.725,1.351
1.657,1.381
1.581,1.403
1.499,1.417
1.414,1.421
1.33,1.414
1.248,1.397
1.168,1.37
1.09,1.334
1.014,1.289
0.939,1.235
0.864,1.175
0.79,1.111
0.717,1.046
0.642,0.981
0.567,0.919
0.493,0.859
0.42,0.801
0.349,0.745
0.281,0.69
0.215,0.636
0.152,0.584
0.09,0.533
0.026,0.483
-0.038,0.435
-0.101,0.388
-0.163,0.342
-0.223,0.297
-0.28,0.254
-0.334,0.211
-0.386,0.17
-0.435,0.129
-0.481,0.09
-0.523,0.051
-0.561,0.013
-0.595,-0.023
-0.623,-0.059
-0.646,-0.093
-0.66,-0.127
-0.666,-0.16
-0.663,-0.192
-0.649,-0.223
-0.626,-0.253
-0.592,-0.283
-0.544,-0.311
-0.478,-0.338
-0.394,-0.364
-0.292,-0.388
-0.176,-0.41
-0.052,-0.429
0.079,-0.442
0.217,-0.446
0.358,-0.43
0.499,-0.399
0.634,-0.356
0.762,-0.296
0.884,-0.222
0.999,-0.142
1.11,-0.057
1.217,0.032
1.317,0.12
1.41,0.206
1.496,0.29
1.574,0.374
1.644,0.457
1.704,0.538
1.754,0.617
1.794,0.693
1.825,0.765
1.848,0.834
1.862,0.9
1.865,0.961
1.855,1.019
1.832,1.073
1.796,1.122
1.749,1.169
1.694,1.211
1.632,1.25
1.561,1.282
1.483,1.306
1.398,1.321
1.309,1.327
1.22,1.323
1.133,1.309
1.05,1.284
0.97,1.25
0.894,1.206
0.82,1.153
0.747,1.091
0.675,1.025
0.601,0.958
0.526,0.892
0.451,0.828
0.377,0.767
0.304,0.708
0.233,0.651
0.166,0.596
0.102,0.542
0.038,0.49
-0.026,0.439
-0.091,0.39
-0.154,0.342
-0.216,0.295
-0.274,0.25
-0.33,0.206
-0.381,0.162
-0.43,0.121
-0.475,0.08
-0.516,0.04
-0.553,0.002
-0.583,-0.034
-0.608,-0.07
-0.625,-0.104
-0.635,-0.137
-0.636,-0.169
-0.629,-0.199
-0.612,-0.229
-0.584,-0.257
-0.545,-0.283
-0.49,-0.308
-0.416,-0.332
-0.32,-0.353
-0.204,-0.371
-0.072,-0.385
0.072,-0.392
0.225,-0.387
0.38,-0.371
0.53,-0.349
0.672,-0.316
0.805,-0.264
0.929,-0.19
1.046,-0.105
1.157,-0.014
1.263,0.081
1.364,0.176
1.46,0.27
1.548,0.365
1.628,0.459
1.699,0.553
1.76,0.646
1.81,0.736
1.851,0.822
1.884,0.906
1.906,0.986
1.915,1.063
1.908,1.135
1.885,1.199
1.846,1.254
1.796,1.299
1.736,1.335
1.668,1.366
1.593,1.391
1.511,1.408
1.422,1.416
1.33,1.414
1.237,1.4
1.146,1.376
1.059,1.342
0.976,1.299
0.899,1.246
0.825,1.185
0.755,1.119
0.685,1.051
0.612,0.983
0.538,0.918
0.461,0.854
0.383,0.793
0.306,0.734
0.23,0.676
0.157,0.619
0.087,0.564
0.019,0.511
-0.05,0.459
-0.119,0.409
-0.189,0.359
-0.259,0.312
-0.326,0.265
-0.392,0.219
-0.455,0.174
-0.516,0.131
-0.574,0.088
-0.63,0.047
-0.682,0.006
-0.732,-0.033
-0.777,-0.071
-0.818,-0.109
-0.855,-0.145
-0.886,-0.18
-0.911,-0.214
-0.929,-0.248
-0.938,-0.28
-0.939,-0.312
-0.93,-0.343
-0.91,-0.374
-0.877,-0.404
-0.829,-0.432
-0.763,-0.46
-0.675,-0.487
-0.562,-0.514
-0.429,-0.538
-0.284,-0.561
-0.129,-0.582
0.029,-0.598
0.186,-0.604
0.337,-0.589
0.479,-0.557
0.614,-0.517
0.742,-0.461
0.865,-0.387
0.983,-0.304
1.097,-0.215
1.207,-0.122
1.311,-0.027
1.409,0.066
1.501,0.157
1.585,0.248
1.662,0.337
1.73,0.425
1.789,0.512
1.839,0.597
1.879,0.679
1.909,0.758
1.926,0.834
1.927,0.904
1.91,0.971
1.878,1.034
1.833,1.093
1.778,1.146
1.715,1.195
1.645,1.238
1.568,1.275
1.484,1.303
1.395,1.321
1.302,1.329
1.208,1.326
1.116,1.312
1.027,1.286
0.943,1.25
0.864,1.204
0.789,1.148
0.717,1.086
0.646,1.018
0.574,0.95
0.5,0.882
0.425,0.817
0.35,0.754
0.276,0.694
0.205,0.636
0.137,0.579
0.073,0.525
0.012,0.472
-0.048,0.42
-0.108,0.371
-0.167,0.323
-0.225,0.276
-0.279,0.232
-0.329,0.188
-0.375,0.146
-0.416,0.105
-0.452,0.065
-0.482,0.027
-0.506,-0.01
-0.523,-0.045
-0.532,-0.079
-0.532,-0.111
-0.522,-0.142
-0.499,-0.171
-0.464,-0.198
-0.413,-0.223
-0.342,-0.246
-0.251,-0.267
-0.14,-0.284
-0.016,-0.296
0.119,-0.3
0.263,-0.291
0.41,-0.275
0.552,-0.253
0.686,-0.22
0.812,-0.166
0.93,-0.09
1.043,-0.003
1.15,0.088
1.254,0.182
1.351,0.275
1.443,0.367
1.528,0.458
1.605,0.549
1.674,0.638
1.733,0.724
1.781,0.807
1.819,0.887
1.847,0.963
1.864,1.037
1.871,1.107
1.863,1.171
1.841,1.225
1.805,1.268
1.756,1.304
1.697,1.336
1.63,1.363
1.556,1.384
1.475,1.398
1.387,1.403
1.293,1.397
1.197,1.382
1.101,1.356
1.009,1.321
0.92,1.277
0.837,1.223
0.759,1.162
0.683,1.095
0.609,1.026
0.534,0.957
0.457,0.891
0.379,0.826
0.3,0.764
0.221,0.703
0.142,0.644
0.065,0.586
-0.01,0.53
-0.085,0.475
-0.162,0.422
-0.239,0.371
-0.318,0.321
-0.395,0.272
-0.47,0.225
-0.543,0.178
-0.612,0.133
-0.678,0.089
-0.741,0.046
-0.801,0.003
-0.857,-0.038
-0.911,-0.078
-0.962,-0.117
-1.008,-0.155
-1.051,-0.192
-1.089,-0.227
-1.122,-0.262
-1.147,-0.296
-1.164,-0.329
-1.171,-0.362
-1.165,-0.393
-1.146,-0.424
-1.11,-0.454
-1.056,-0.484
-0.979,-0.513
-0.879,-0.541
-0.753,-0.568
-0.605,-0.595
-0.441,-0.62
-0.271,-0.643
-0.103,-0.664
0.06,-0.68
0.216,-0.682
0.363,-0.658
0.503,-0.624
0.638,-0.582
0.769,-0.521
0.897,-0.442
1.02,-0.355
1.139,-0.262
1.25,-0.165
1.354,-0.068
1.451,0.029
1.543,0.125
1.627,0.22
1.703,0.315
1.767,0.407
1.821,0.499
1.864,0.59
1.897,0.678
1.919,0.761
1.926,0.841
1.917,0.915
1.89,0.985
1.848,1.049
1.793,1.108
1.73,1.161
1.66,1.208
1.584,1.249
1.5,1.282
1.41,1.306
1.315,1.32
1.219,1.322
1.123,1.313
1.03,1.293
0.942,1.262
0.859,1.22
0.781,1.169
0.707,1.109
0.635,1.042
0.563,0.973
0.491,0.904
0.417,0.838
0.344,0.774
0.271,0.712
0.199,0.654
0.131,0.597
0.067,0.542
0.006,0.49
-0.054,0.439
-0.112,0.391
-0.17,0.344
-0.225,0.299
-0.277,0.255
-0.324,0.212
-0.365,0.171
-0.399,0.132
-0.428,0.093
-0.45,0.056
-0.465,0.021
-0.472,-0.013
-0.471,-0.045
-0.46,-0.075
-0.439,-0.103
-0.404,-0.128
-0.352,-0.151
-0.28,-0.171
-0.185,-0.187
-0.071,-0.198
0.055,-0.201
0.189,-0.196
0.327,-0.186
0.465,-0.172
0.598,-0.149
0.722,-0.112
0.837,-0.054
0.945,0.024
1.046,0.112
1.144,0.202
1.237,0.294
1.326,0.386
1.409,0.475
1.484,0.562
1.551,0.646
1.609,0.728
1.658,0.806
1.699,0.88
1.73,0.951
1.751,1.017
1.763,1.079
1.763,1.134
1.752,1.18
1.729,1.218
1.693,1.25
1.645,1.279
1.585,1.305
1.516,1.326
1.441,1.342
1.361,1.351
1.273,1.351
1.181,1.343
1.086,1.325
0.99,1.298
0.897,1.261
0.806,1.215
0.718,1.16
0.631,1.097
0.545,1.031
0.458,0.963
0.37,0.896
0.281,0.831
0.192,0.767
0.103,0.705
0.016,0.645
-0.069,0.586
-0.151,0.528
-0.232,0.471
-0.313,0.416
-0.396,0.363
-0.479,0.311
-0.561,0.26
-0.643,0.211
-0.722,0.163
-0.799,0.116
-0.874,0.071
-0.946,0.026
-1.015,-0.017
-1.081,-0.058
-1.145,-0.099
-1.204,-0.138
-1.259,-0.176
-1.308,-0.213
-1.351,-0.249
-1.388,-0.285
-1.416,-0.319
-1.435,-0.353
-1.444,-0.385
-1.441,-0.418
-1.424,-0.449
-1.391,-0.48
-1.338,-0.51
-1.262,-0.539
-1.163,-0.568
-1.043,-0.596
-0.905,-0.623
-0.754,-0.648
-0.591,-0.673
-0.427,-0.696
-0.267,-0.716
-0.114,-0.731
0.031,-0.73
0.169,-0.708
0.303,-0.683
0.433,-0.653
0.559,-0.604
0.681,-0.537
0.798,-0.458
0.91,-0.373
1.016,-0.284
1.115,-0.193
1.209,-0.101
1.298,-0.009
1.381,0.082
1.457,0.173
1.524,0.262
1.582,0.351
1.628,0.439
1.665,0.526
1.692,0.611
1.711,0.692
1.72,0.769
1.718,0.84
1.703,0.905
1.673,0.964
1.632,1.017
1.58,1.063
1.522,1.104
1.456,1.14
1.383,1.169
1.303,1.191
1.217,1.204
1.127,1.206
1.036,1.199
0.948,1.183
0.863,1.156
0.782,1.121
0.706,1.076
0.632,1.023
0.561,0.963
0.49,0.9
0.419,0.835
0.349,0.771
0.279,0.711
0.21,0.653
0.143,0.598
0.08,0.545
0.022,0.494
-0.033,0.445
-0.084,0.399
-0.133,0.354
-0.18,0.311
-0.225,0.269
-0.265,0.229
-0.3,0.191
-0.328,0.154
-0.349,0.119
-0.363,0.086
-0.37,0.054
-0.368,0.024
-0.356,-0.004
-0.334,-0.029
-0.3,-0.05
-0.254,-0.068
-0.194,-0.08
-0.117,-0.087
-0.026,-0.088
0.075,-0.085
0.184,-0.08
0.301,-0.073
0.418,-0.061
0.533,-0.041
0.642,-0.008
0.746,0.042
0.845,0.11
0.937,0.188
1.024,0.269
1.107,0.351
1.186,0.431
1.26,0.51
1.329,0.586
1.392,0.661
1.448,0.733
1.495,0.801
1.533,0.867
1.563,0.929
1.586,0.988
1.602,1.042
1.611,1.089
1.611,1.128
1.601,1.159
1.58,1.185
1.548,1.209
1.506,1.231
1.455,1.25
1.394,1.264
1.324,1.272
1.245,1.273
1.16,1.267
1.07,1.253
0.979,1.231
0.887,1.201
0.797,1.161
0.71,1.113
0.624,1.058
0.54,0.996
0.456,0.933
0.371,0.869
0.286,0.806
0.2,0.744
0.113,0.685
0.026,0.626
-0.059,0.569
-0.142,0.513
-0.223,0.459
-0.304,0.405
-0.386,0.353
-0.468,0.302
-0.551,0.253
-0.633,0.204
-0.714,0.157
-0.792,0.112
-0.869,0.067
-0.944,0.024
-1.018,-0.018
-1.089,-0.059
-1.157,-0.098
-1.223,-0.136
-1.286,-0.174
-1.345,-0.21
-1.4,-0.245
-1.45,-0.28
-1.495,-0.314
-1.533,-0.348
-1.563,-0.38
-1.584,-0.413
-1.596,-0.444
-1.595,-0.475
-1.582,-0.506
-1.551,-0.536
-1.502,-0.565
-1.43,-0.594
-1.335,-0.622
-1.217,-0.649
-1.084,-0.676
-0.937,-0.703
-0.778,-0.728
-0.616,-0.752
-0.457,-0.775
-0.307,-0.795
-0.167,-0.81
-0.033,-0.808
0.094,-0.785
0.22,-0.761
0.343,-0.73
0.461,-0.68
0.574,-0.612
0.681,-0.535
0.78,-0.453
0.874,-0.368
0.963,-0.281
1.046,-0.193
1.124,-0.104
1.196,-0.015
1.262,0.072
1.32,0.158
1.369,0.242
1.41,0.326
1.443,0.408
1.468,0.489
1.484,0.567
1.493,0.641
1.492,0.709
1.48,0.77
1.457,0.823
1.423,0.87
1.38,0.909
1.329,0.944
1.271,0.975
1.205,1.001
1.132,1.02
1.054,1.031
0.973,1.034
0.892,1.028
0.813,1.013
0.738,0.99
0.667,0.959
0.6,0.92
0.536,0.873
0.474,0.82
0.413,0.763
0.352,0.706
0.292,0.651
0.233,0.599
0.176,0.55
0.122,0.504
0.073,0.46
0.028,0.418
-0.012,0.379
-0.047,0.342
-0.08,0.306
-0.11,0.272
-0.136,0.24
-0.157,0.208
-0.17,0.178
-0.177,0.149
-0.175,0.123
-0.167,0.099
-0.151,0.078
-0.126,0.061
-0.092,0.05
-0.048,0.045
0.006,0.044
0.07,0.046
0.139,0.048
0.216,0.052
0.3,0.059
0.39,0.07
0.483,0.087
0.574,0.115
0.661,0.156
0.745,0.211
0.824,0.275
0.898,0.342
0.967,0.409
1.032,0.476
1.092,0.539
1.148,0.601
1.198,0.66
1.244,0.717
1.285,0.772
1.321,0.824
1.35,0.873
1.374,0.918
1.392,0.958
1.405,0.992
1.412,1.021
1.411,1.044
1.402,1.066
1.382,1.086
1.351,1.104
1.31,1.12
1.262,1.132
1.208,1.14
1.147,1.143
1.079,1.141
1.004,1.132
0.926,1.116
0.847,1.093
0.767,1.062
0.689,1.023
0.611,0.976
0.535,0.923
0.458,0.866
0.38,0.807
0.302,0.749
0.222,0.692
0.142,0.637
0.061,0.582
-0.019,0.529
-0.098,0.477
-0.176,0.425
-0.254,0.375
-0.333,0.326
-0.412,0.278
-0.491,0.231
-0.571,0.185
-0.648,0.14
-0.724,0.097
-0.799,0.054
-0.871,0.014
-0.942,-0.026
-1.01,-0.064
-1.077,-0.101
-1.141,-0.138
-1.203,-0.173
-1.262,-0.208
-1.318,-0.242
-1.372,-0.276
-1.423,-0.309
-1.47,-0.341
-1.513,-0.373
-1.55,-0.404
-1.581,-0.435
-1.605,-0.466
-1.622,-0.496
-1.628,-0.525
-1.624,-0.554
-1.607,-0.583
-1.575,-0.612
-1.525,-0.64
-1.455,-0.667
-1.362,-0.694
-1.251,-0.721
-1.127,-0.747
-0.99,-0.773
-0.841,-0.798
-0.69,-0.822
-0.545,-0.845
-0.409,-0.866
-0.281,-0.882
-0.16,-0.886
-0.044,-0.87
0.071,-0.849
0.185,-0.823
0.296,-0.78
0.403,-0.719
0.505,-0.65
0.601,-0.576
0.692,-0.498
0.778,-0.417
0.858,-0.335
0.933,-0.252
1.002,-0.167
1.065,-0.083
1.121,0.001
1.171,0.083
1.214,0.164
1.25,0.243
1.28,0.321
1.304,0.396
1.322,0.47
1.333,0.539
1.336,0.604
1.331,0.661
1.317,0.71
1.294,0.752
1.264,0.787
1.228,0.818
1.183,0.846
1.132,0.871
1.074,0.891
1.012,0.905
0.947,0.913
0.882,0.915
0.818,0.91
0.758,0.899
0.701,0.882
0.647,0.858
0.595,0.829
0.545,0.793
0.495,0.753
0.446,0.709
0.398,0.665
0.35,0.624
0.304,0.585
0.261,0.55
0.222,0.517
0.187,0.486
0.158,0.456
0.133,0.427
0.113,0.399
0.095,0.372
0.079,0.346
0.067,0.323
0.058,0.302
0.053,0.284
0.053,0.269
0.059,0.258
0.073,0.25
0.094,0.244
0.123,0.24
0.16,0.236
0.205,0.233
0.254,0.231
0.305,0.23
0.36,0.232
0.418,0.238
0.479,0.249
0.54,0.267
0.601,0.293
0.66,0.33
0.718,0.377
0.774,0.43
0.827,0.484
0.878,0.535
0.925,0.583
0.968,0.627
1.007,0.668
1.042,0.707
1.071,0.745
1.095,0.78
1.112,0.814
1.122,0.844
1.128,0.869
1.128,0.889
1.123,0.905
1.113,0.918
1.096,0.929
1.07,0.939
1.037,0.947
0.996,0.952
0.95,0.953
0.899,0.951
0.843,0.943
0.783,0.93
0.72,0.911
0.656,0.886
0.591,0.853
0.527,0.813
0.461,0.767
0.394,0.717
0.325,0.666
0.253,0.615
0.18,0.565
0.107,0.516
0.034,0.468
-0.037,0.421
-0.106,0.374
-0.174,0.328
-0.241,0.282
-0.308,0.236
-0.376,0.192
-0.446,0.148
-0.516,0.106
-0.586,0.064
-0.655,0.024
-0.724,-0.015
-0.792,-0.052
-0.858,-0.088
-0.923,-0.123
-0.986,-0.156
-1.047,-0.188
-1.106,-0.22
-1.163,-0.251
-1.218,-0.282
-1.27,-0.313
-1.32,-0.343
-1.367,-0.373
-1.412,-0.403
-1.453,-0.433
-1.491,-0.462
-1.524,-0.492
-1.552,-0.521
-1.574,-0.55
-1.588,-0.578
-1.595,-0.606
-1.593,-0.634
-1.581,-0.662
-1.557,-0.689
-1.52,-0.716
-1.469,-0.743
-1.403,-0.769
-1.32,-0.795
-1.225,-0.821
-1.118,-0.846
-0.997,-0.87
-0.868,-0.893
-0.739,-0.915
-0.613,-0.936
-0.494,-0.955
-0.38,-0.969
-0.27,-0.971
-0.163,-0.957
-0.059,-0.941
0.043,-0.916
0.141,-0.874
0.235,-0.818
0.326,-0.758
0.413,-0.693
0.496,-0.625
0.574,-0.554
0.647,-0.481
0.715,-0.406
0.778,-0.33
0.835,-0.253
0.888,-0.176
0.936,-0.099
0.978,-0.024
1.016,0.049
1.049,0.121
1.078,0.191
1.101,0.258
1.118,0.323
1.129,0.385
1.134,0.442
1.131,0.494
1.12,0.541
1.102,0.581
1.077,0.616
1.045,0.646
1.007,0.674
0.964,0.699
0.918,0.721
0.868,0.739
0.818,0.754
0.766,0.763
0.716,0.766
0.666,0.765
0.618,0.758
0.571,0.747
0.526,0.729
0.481,0.707
0.438,0.678
0.397,0.645
0.358,0.61
0.321,0.576
0.287,0.545
0.255,0.518
0.228,0.494
0.204,0.473
0.184,0.453
0.168,0.435
0.154,0.417
0.143,0.401
0.134,0.385
0.127,0.369
0.123,0.354
0.123,0.338
0.127,0.323
0.135,0.309
0.148,0.297
0.164,0.286
0.183,0.276
0.206,0.268
0.232,0.262
0.26,0.257
0.291,0.254
0.326,0.254
0.363,0.256
0.403,0.262
0.444,0.272
0.485,0.289
0.525,0.313
0.564,0.345
0.601,0.383
0.634,0.423
0.664,0.462
0.691,0.5
0.713,0.534
0.732,0.565
0.747,0.594
0.758,0.619
0.765,0.641
0.767,0.657
0.765,0.667
0.759,0.673
0.748,0.676
0.732,0.679
0.709,0.682
0.679,0.683
0.643,0.682
0.602,0.678
0.556,0.671
0.506,0.659
0.453,0.643
0.397,0.622
0.34,0.593
0.282,0.558
0.224,0.517
0.166,0.472
0.107,0.425
0.048,0.379
-0.012,0.334
-0.072,0.289
-0.133,0.246
-0.195,0.203
-0.258,0.161
-0.322,0.12
-0.388,0.079
-0.455,0.039
-0.522,-0.001
-0.589,-0.039
-0.654,-0.076
-0.717,-0.112
-0.779,-0.147
-0.838,-0.18
-0.895,-0.212
-0.951,-0.242
-1.004,-0.271
-1.056,-0.3
-1.107,-0.328
-1.156,-0.356
-1.204,-0.383
-1.252,-0.411
-1.298,-0.439
-1.342,-0.466
-1.385,-0.494
-1.426,-0.522
-1.464,-0.549
-1.5,-0.577
-1.532,-0.604
-1.561,-0.631
-1.584,-0.658
-1.602,-0.685
-1.615,-0.711
-1.62,-0.737
-1.618,-0.763
-1.607,-0.789
-1.586,-0.814
-1.553,-0.839
-1.508,-0.864
-1.449,-0.888
-1.377,-0.912
-1.294,-0.936
-1.2,-0.959
-1.095,-0.981
-0.985,-1.003
-0.878,-1.023
-0.774,-1.043
-0.676,-1.06
-0.583,-1.073
-0.493,-1.076
-0.405,-1.069
-0.318,-1.058
-0.233,-1.039
-0.152,-1.003
-0.074,-0.958
0.002,-0.909
0.077,-0.856
0.15,-0.8
0.222,-0.74
0.292,-0.678
0.36,-0.614
0.426,-0.548
0.49,-0.48
0.552,-0.412
0.609,-0.343
0.664,-0.273
0.714,-0.204
0.76,-0.134
0.802,-0.065
0.84,0.002
0.872,0.068
0.9,0.132
0.923,0.194
0.942,0.254
0.957,0.312
0.967,0.367
0.973,0.419
0.974,0.466
0.972,0.509
0.966,0.547
0.955,0.582
0.94,0.613
0.92,0.641
0.894,0.666
0.863,0.689
0.828,0.71
0.789,0.726
0.748,0.739
0.706,0.747
0.663,0.75
0.621,0.748
0.58,0.74
0.54,0.727
0.502,0.708
0.465,0.684
0.429,0.654
0.394,0.622
0.36,0.591
0.328,0.561
0.296,0.534
0.266,0.509
0.239,0.485
0.214,0.462
0.193,0.44
0.174,0.417
0.158,0.396
0.144,0.374
0.133,0.353
0.123,0.332
0.113,0.313
0.104,0.294
0.096,0.275
0.09,0.259
0.087,0.243
0.086,0.228
0.088,0.215
0.092,0.204
0.099,0.193
0.107,0.185
0.118,0.177
0.13,0.171
0.143,0.167
0.157,0.163
0.172,0.161
0.189,0.161
0.208,0.162
0.229,0.164
0.251,0.169
0.274,0.177
0.296,0.187
0.318,0.2
0.338,0.216
0.356,0.234
0.372,0.252
0.385,0.268
0.393,0.28
0.397,0.29
0.395,0.296
0.387,0.301
0.375,0.305
0.358,0.31
0.337,0.314
0.312,0.318
0.283,0.319
0.252,0.319
0.218,0.315
0.181,0.308
0.141,0.297
0.098,0.28
0.053,0.258
0.006,0.23
-0.042,0.196
-0.092,0.159
-0.144,0.122
-0.197,0.085
-0.253,0.05
-0.31,0.015
-0.368,-0.019
-0.426,-0.051
-0.485,-0.083
-0.543,-0.114
-0.599,-0.143
-0.654,-0.17
-0.708,-0.197
-0.76,-0.225
-0.81,-0.253
-0.86,-0.282
-0.908,-0.311
-0.957,-0.341
-1.005,-0.37
-1.054,-0.399
-1.102,-0.429
-1.148,-0.457
-1.193,-0.486
-1.237,-0.514
-1.278,-0.541
-1.317,-0.568
-1.353,-0.595
-1.387,-0.621
-1.418,-0.647
-1.447,-0.672
-1.472,-0.698
-1.493,-0.722
-1.511,-0.747
-1.524,-0.771
-1.53,-0.795
-1.531,-0.819
-1.523,-0.843
-1.507,-0.867
-1.481,-0.89
-1.442,-0.913
-1.389,-0.936
-1.322,-0.958
-1.243,-0.98
-1.153,-1.002
-1.054,-1.023
-0.952,-1.043
-0.851,-1.061
-0.753,-1.079
-0.66,-1.093
-0.571,-1.101
-0.485,-1.097
-0.4,-1.09
-0.317,-1.076
-0.235,-1.047
-0.156,-1.005
-0.078,-0.958
-0.002,-0.908
0.072,-0.854
0.145,-0.797
0.217,-0.737
0.287,-0.674
0.355,-0.609
0.422,-0.542
0.486,-0.474
0.547,-0.405
0.606,-0.336
0.661,-0.265
0.712,-0.194
0.76,-0.122
0.802,-0.051
0.841,0.02
0.876,0.091
0.907,0.161
0.934,0.231
0.957,0.3
0.975,0.368
0.99,0.433
1,0.496
1.007,0.555
1.011,0.609
1.01,0.657
1.003,0.699
0.991,0.734
0.973,0.762
0.949,0.783
0.919,0.799
0.884,0.81
0.841,0.819
0.794,0.823
0.742,0.823
0.689,0.817
0.635,0.805
0.582,0.787
0.53,0.763
0.48,0.733
0.432,0.697
0.385,0.658
0.339,0.617
0.294,0.577
0.25,0.539
0.208,0.503
0.166,0.468
0.127,0.433
0.09,0.399
0.055,0.366
0.023,0.333
-0.006,0.302
-0.033,0.271
-0.057,0.241
-0.079,0.213
-0.098,0.185
-0.115,0.158
-0.127,0.133
-0.135,0.108
-0.139,0.085
-0.138,0.062
-0.135,0.041
-0.127,0.021
-0.117,0.004
-0.104,-0.011
-0.089,-0.022
-0.072,-0.03
-0.052,-0.034
-0.03,-0.036
-0.005,-0.036
0.023,-0.035
0.055,-0.033
0.088,-0.027
0.123,-0.019
0.156,-0.006
0.187,0.011
0.216,0.034
0.241,0.059
0.263,0.085
0.282,0.109
0.299,0.131
0.314,0.149
0.326,0.163
0.337,0.174
0.345,0.182
0.35,0.19
0.351,0.198
0.348,0.206
0.34,0.216
0.327,0.225
0.31,0.234
0.288,0.242
0.263,0.249
0.234,0.254
0.202,0.257
0.168,0.258
0.131,0.257
0.093,0.253
0.051,0.246
0.007,0.234
-0.039,0.217
-0.086,0.194
-0.136,0.165
-0.186,0.134
-0.237,0.101
-0.29,0.068
-0.345,0.036
-0.401,0.003
-0.457,-0.03
-0.514,-0.063
-0.57,-0.096
-0.626,-0.129
-0.679,-0.162
-0.732,-0.195
-0.783,-0.228
-0.834,-0.26
-0.883,-0.292
-0.932,-0.323
-0.98,-0.354
-1.027,-0.385
-1.073,-0.415
-1.117,-0.444
-1.159,-0.472
-1.198,-0.5
-1.235,-0.528
-1.269,-0.555
-1.3,-0.582
-1.328,-0.608
-1.352,-0.634
-1.371,-0.659
-1.385,-0.684
-1.394,-0.708
-1.396,-0.732
-1.391,-0.756
-1.376,-0.779
-1.351,-0.802
-1.313,-0.824
-1.261,-0.846
-1.196,-0.867
-1.12,-0.888
-1.033,-0.908
-0.935,-0.926
-0.83,-0.944
-0.725,-0.959
-0.624,-0.97
-0.528,-0.975
-0.437,-0.975
-0.349,-0.972
-0.263,-0.963
-0.179,-0.941
-0.097,-0.902
-0.017,-0.852
0.062,-0.799
0.141,-0.743
0.217,-0.683
0.292,-0.62
0.365,-0.554
0.435,-0.487
0.503,-0.419
0.568,-0.349
0.629,-0.277
0.687,-0.205
0.741,-0.131
0.791,-0.056
0.836,0.018
0.877,0.092
0.914,0.166
0.948,0.24
0.979,0.313
1.005,0.385
1.026,0.455
1.043,0.521
1.056,0.584
1.063,0.64
1.066,0.69
1.061,0.733
1.049,0.767
1.027,0.794
0.996,0.814
0.958,0.829
0.913,0.842
0.862,0.852
0.805,0.857
0.746,0.856
0.685,0.847
0.624,0.831
0.565,0.808
0.506,0.776
0.449,0.738
0.393,0.694
0.338,0.646
0.283,0.599
0.229,0.554
0.174,0.51
0.119,0.469
0.065,0.428
0.013,0.389
-0.037,0.351
-0.084,0.313
-0.126,0.276
-0.162,0.24
-0.192,0.205
-0.216,0.17
-0.235,0.135
-0.248,0.102
-0.259,0.068
-0.266,0.036
-0.271,0.006
-0.273,-0.023
-0.273,-0.05
-0.27,-0.074
-0.262,-0.096
-0.248,-0.114
-0.226,-0.128
-0.197,-0.138
-0.16,-0.144
-0.118,-0.147
-0.076,-0.147
-0.035,-0.146
0.005,-0.143
0.041,-0.137
0.071,-0.127
0.092,-0.11
0.103,-0.086
0.103,-0.053
0.092,-0.018
0.071,0.015
0.04,0.043
0.002,0.065
-0.044,0.079
-0.095,0.081
-0.151,0.076
-0.211,0.066
-0.275,0.052
-0.34,0.031
-0.406,0.001
-0.472,-0.037
-0.536,-0.078
-0.599,-0.119
-0.661,-0.16
-0.722,-0.199
-0.781,-0.236
-0.839,-0.272
-0.895,-0.307
-0.949,-0.341
-1,-0.374
-1.047,-0.406
-1.092,-0.437
-1.133,-0.468
-1.17,-0.498
-1.203,-0.528
-1.233,-0.558
-1.26,-0.587
-1.282,-0.616
-1.3,-0.644
-1.312,-0.671
-1.317,-0.698
-1.316,-0.725
-1.306,-0.75
-1.288,-0.775
-1.26,-0.799
-1.22,-0.822
-1.167,-0.844
-1.101,-0.865
-1.025,-0.885
-0.936,-0.903
-0.835,-0.919
-0.727,-0.932
-0.618,-0.939
-0.51,-0.94
-0.408,-0.939
-0.31,-0.936
-0.216,-0.927
-0.125,-0.905
-0.039,-0.868
0.046,-0.818
0.127,-0.764
0.207,-0.706
0.285,-0.645
0.36,-0.58
0.434,-0.513
0.506,-0.443
0.577,-0.372
0.646,-0.299
0.712,-0.225
0.775,-0.149
0.835,-0.074
0.891,0.001
0.943,0.075
0.99,0.149
1.033,0.221
1.07,0.292
1.102,0.362
1.128,0.431
1.147,0.496
1.159,0.558
1.161,0.615
1.155,0.665
1.139,0.706
1.115,0.74
1.083,0.767
1.042,0.79
0.993,0.81
0.937,0.827
0.876,0.839
0.81,0.846
0.742,0.846
0.672,0.838
0.602,0.823
0.531,0.8
0.461,0.769
0.391,0.73
0.321,0.685
0.25,0.635
0.179,0.585
0.108,0.538
0.037,0.492
-0.033,0.448
-0.101,0.406
-0.165,0.364
-0.226,0.323
-0.282,0.282
-0.334,0.242
-0.382,0.203
-0.428,0.165
-0.47,0.127
-0.511,0.091
-0.549,0.056
-0.584,0.021
-0.615,-0.012
-0.644,-0.044
-0.668,-0.075
-0.687,-0.105
-0.703,-0.134
-0.713,-0.161
-0.717,-0.187
-0.716,-0.212
-0.708,-0.236
-0.693,-0.258
-0.669,-0.279
-0.635,-0.299
-0.592,-0.317
-0.541,-0.334
-0.483,-0.35
-0.419,-0.363
-0.347,-0.374
-0.269,-0.382
-0.188,-0.388
-0.108,-0.391
-0.03,-0.39
0.046,-0.385
0.118,-0.371
0.187,-0.344
0.253,-0.301
0.315,-0.25
0.373,-0.196
0.427,-0.14
0.477,-0.084
0.524,-0.029
0.567,0.025
0.607,0.078
0.642,0.13
0.674,0.18
0.701,0.227
0.723,0.273
0.74,0.316
0.752,0.355
0.757,0.39
0.754,0.419
0.744,0.443
0.726,0.463
0.701,0.48
0.666,0.496
0.624,0.51
0.574,0.522
0.516,0.529
0.453,0.533
0.389,0.531
0.323,0.523
0.258,0.508
0.194,0.486
0.129,0.456
0.064,0.417
-0.002,0.371
-0.069,0.322
-0.137,0.272
-0.206,0.224
-0.275,0.178
-0.345,0.134
-0.413,0.091
-0.48,0.049
-0.545,0.008
-0.607,-0.031
-0.668,-0.07
-0.725,-0.106
-0.781,-0.142
-0.833,-0.176
-0.882,-0.208
-0.928,-0.24
-0.971,-0.27
-1.01,-0.299
-1.047,-0.328
-1.08,-0.356
-1.11,-0.383
-1.135,-0.41
-1.156,-0.437
-1.17,-0.463
-1.178,-0.489
-1.178,-0.514
-1.17,-0.539
-1.151,-0.563
-1.12,-0.586
-1.075,-0.608
-1.016,-0.63
-0.944,-0.651
-0.86,-0.67
-0.764,-0.688
-0.655,-0.704
-0.54,-0.716
-0.425,-0.724
-0.314,-0.727
-0.209,-0.728
-0.108,-0.725
-0.012,-0.714
0.081,-0.69
0.171,-0.646
0.258,-0.588
0.343,-0.524
0.424,-0.458
0.503,-0.388
0.579,-0.316
0.654,-0.242
0.726,-0.168
0.796,-0.093
0.863,-0.017
0.926,0.059
0.986,0.135
1.042,0.211
1.092,0.286
1.136,0.361
1.173,0.435
1.201,0.507
1.222,0.577
1.234,0.643
1.237,0.704
1.23,0.758
1.213,0.805
1.184,0.843
1.145,0.871
1.098,0.893
1.042,0.911
0.98,0.926
0.909,0.937
0.834,0.94
0.756,0.936
0.678,0.922
0.601,0.9
0.525,0.868
0.449,0.827
0.374,0.778
0.299,0.723
0.223,0.665
0.147,0.609
0.071,0.554
-0.005,0.502
-0.081,0.452
-0.156,0.404
-0.229,0.356
-0.299,0.31
-0.365,0.266
-0.426,0.223
-0.485,0.182
-0.541,0.141
-0.595,0.102
-0.647,0.063
-0.696,0.025
-0.742,-0.012
-0.784,-0.048
-0.823,-0.083
-0.857,-0.117
-0.887,-0.151
-0.913,-0.183
-0.932,-0.214
-0.945,-0.244
-0.95,-0.274
-0.946,-0.302
-0.932,-0.33
-0.907,-0.356
-0.869,-0.382
-0.816,-0.407
-0.749,-0.431
-0.669,-0.454
-0.58,-0.475
-0.482,-0.494
-0.377,-0.51
-0.271,-0.52
-0.168,-0.524
-0.069,-0.522
0.024,-0.514
0.112,-0.501
0.196,-0.474
0.277,-0.429
0.355,-0.369
0.43,-0.304
0.5,-0.238
0.564,-0.169
0.623,-0.102
0.678,-0.036
0.73,0.029
0.778,0.092
0.823,0.155
0.864,0.215
0.898,0.274
0.927,0.33
0.949,0.384
0.966,0.435
0.976,0.482
0.978,0.524
0.972,0.56
0.956,0.589
0.931,0.613
0.896,0.635
0.854,0.655
0.804,0.673
0.747,0.688
0.684,0.697
0.618,0.701
0.55,0.699
0.482,0.69
0.415,0.674
0.347,0.65
0.28,0.616
0.211,0.574
0.142,0.525
0.071,0.472
-0.001,0.418
-0.075,0.367
-0.15,0.318
-0.224,0.27
-0.297,0.224
-0.368,0.18
-0.436,0.136
-0.501,0.094
-0.564,0.053
-0.624,0.014
-0.682,-0.024
-0.737,-0.06
-0.788,-0.095
-0.835,-0.13
-0.877,-0.163
-0.915,-0.195
-0.948,-0.227
-0.975,-0.258
-0.998,-0.288
-1.015,-0.317
-1.026,-0.345
-1.029,-0.373
-1.024,-0.4
-1.01,-0.425
-0.985,-0.45
-0.945,-0.473
-0.887,-0.496
-0.812,-0.517
-0.723,-0.536
-0.621,-0.554
-0.508,-0.568
-0.388,-0.577
-0.269,-0.582
-0.154,-0.582
-0.045,-0.578
0.059,-0.571
0.157,-0.554
0.253,-0.521
0.348,-0.468
0.44,-0.402
0.53,-0.33
0.615,-0.257
0.697,-0.18
0.775,-0.103
0.85,-0.026
0.923,0.052
0.993,0.13
1.059,0.208
1.119,0.287
1.172,0.366
1.218,0.446
1.258,0.524
1.291,0.601
1.316,0.675
1.332,0.745
1.337,0.809
1.329,0.867
1.308,0.919
1.276,0.963
1.232,0.997
1.177,1.022
1.113,1.038
1.041,1.05
0.963,1.056
0.881,1.054
0.799,1.043
0.719,1.022
0.641,0.991
0.564,0.95
0.488,0.899
0.412,0.84
0.335,0.777
0.256,0.715
0.177,0.655
0.097,0.597
0.015,0.542
-0.066,0.489
-0.146,0.438
-0.225,0.388
-0.3,0.34
-0.371,0.294
-0.438,0.249
-0.502,0.206
-0.565,0.163
-0.627,0.122
-0.686,0.082
-0.743,0.042
-0.798,0.004
-0.85,-0.034
-0.899,-0.071
-0.944,-0.107
-0.986,-0.142
-1.022,-0.177
-1.052,-0.21
-1.075,-0.242
-1.091,-0.274
-1.099,-0.305
-1.096,-0.335
-1.083,-0.364
-1.058,-0.393
-1.02,-0.42
-0.967,-0.447
-0.9,-0.474
-0.82,-0.499
-0.728,-0.523
-0.625,-0.546
-0.51,-0.566
-0.389,-0.583
-0.27,-0.593
-0.155,-0.595
-0.044,-0.589
0.063,-0.579
0.166,-0.562
0.265,-0.53
0.358,-0.478
0.446,-0.413
0.529,-0.343
0.605,-0.27
0.675,-0.195
0.74,-0.119
0.802,-0.044
0.859,0.03
0.912,0.104
0.961,0.176
1.005,0.246
1.044,0.314
1.076,0.38
1.1,0.443
1.117,0.502
1.126,0.557
1.128,0.605
1.121,0.647
1.104,0.682
1.077,0.711
1.039,0.736
0.992,0.759
0.938,0.779
0.878,0.797
0.814,0.809
0.746,0.816
0.677,0.815
0.608,0.806
0.539,0.79
0.47,0.765
0.402,0.731
0.333,0.688
0.263,0.637
0.191,0.581
0.117,0.525
0.042,0.471
-0.033,0.419
-0.108,0.369
-0.182,0.32
-0.253,0.273
-0.32,0.227
-0.384,0.183
-0.446,0.14
-0.504,0.098
-0.561,0.058
-0.614,0.019
-0.663,-0.018
-0.709,-0.054
-0.75,-0.089
-0.786,-0.121
-0.817,-0.153
-0.842,-0.183
-0.86,-0.212
-0.871,-0.239
-0.873,-0.266
-0.865,-0.292
-0.845,-0.317
-0.811,-0.341
-0.763,-0.364
-0.7,-0.384
-0.625,-0.403
-0.539,-0.419
-0.443,-0.432
-0.336,-0.439
-0.224,-0.441
-0.111,-0.441
-0.001,-0.438
0.106,-0.431
0.21,-0.416
0.312,-0.387
0.412,-0.34
0.507,-0.277
0.597,-0.206
0.681,-0.132
0.759,-0.057
0.833,0.02
0.902,0.096
0.969,0.173
1.032,0.25
1.091,0.328
1.146,0.406
1.198,0.483
1.245,0.561
1.287,0.636
1.322,0.708
1.349,0.776
1.368,0.84
1.378,0.899
1.377,0.954
1.366,1.003
1.343,1.044
1.308,1.076
1.262,1.098
1.206,1.114
1.143,1.125
1.075,1.132
1.001,1.131
0.924,1.123
0.844,1.105
0.765,1.077
0.687,1.039
0.609,0.992
0.531,0.936
0.451,0.875
0.37,0.813
0.288,0.752
0.205,0.693
0.122,0.636
0.039,0.582
-0.045,0.529
-0.127,0.478
-0.208,0.428
-0.286,0.379
-0.361,0.332
-0.434,0.286
-0.506,0.242
-0.576,0.199
-0.644,0.157
-0.71,0.115
-0.774,0.075
-0.834,0.035
-0.892,-0.005
-0.946,-0.043
-0.997,-0.081
-1.044,-0.118
-1.086,-0.153
-1.124,-0.188
-1.156,-0.223
-1.182,-0.256
-1.199,-0.288
-1.206,-0.32
-1.203,-0.351
-1.187,-0.382
-1.156,-0.411
-1.108,-0.44
-1.039,-0.468
-0.951,-0.496
-0.849,-0.522
-0.735,-0.547
-0.609,-0.57
-0.475,-0.591
-0.341,-0.608
-0.212,-0.618
-0.092,-0.616
0.022,-0.606
0.129,-0.593
0.232,-0.57
0.331,-0.529
0.427,-0.468
0.519,-0.394
0.605,-0.318
0.684,-0.239
0.759,-0.158
0.83,-0.078
0.899,0.001
0.966,0.079
1.028,0.156
1.085,0.231
1.135,0.305
1.18,0.377
1.219,0.447
1.251,0.516
1.274,0.581
1.288,0.642
1.293,0.697
1.287,0.746
1.271,0.789
1.244,0.826
1.207,0.857
1.159,0.884
1.103,0.908
1.039,0.929
0.97,0.945
0.897,0.954
0.822,0.955
0.748,0.948
0.674,0.932
0.601,0.906
0.53,0.87
0.458,0.825
0.386,0.771
0.314,0.711
0.24,0.65
0.167,0.592
0.093,0.535
0.019,0.482
-0.054,0.43
-0.124,0.38
-0.19,0.332
-0.253,0.285
-0.312,0.24
-0.368,0.196
-0.421,0.154
-0.472,0.113
-0.519,0.074
-0.562,0.036
-0.6,0
-0.632,-0.035
-0.66,-0.067
-0.68,-0.099
-0.694,-0.128
-0.7,-0.156
-0.697,-0.182
-0.685,-0.206
-0.663,-0.228
-0.629,-0.248
-0.58,-0.266
-0.517,-0.28
-0.442,-0.292
-0.355,-0.3
-0.26,-0.305
-0.155,-0.307
-0.045,-0.307
0.065,-0.305
0.172,-0.298
0.275,-0.284
0.372,-0.258
0.466,-0.215
0.555,-0.154
0.641,-0.084
0.723,-0.01
0.799,0.065
0.871,0.141
0.937,0.215
1,0.289
1.059,0.364
1.116,0.438
1.168,0.513
1.215,0.587
1.256,0.659
1.29,0.728
1.319,0.794
1.341,0.856
1.356,0.915
1.363,0.969
1.36,1.018
1.346,1.059
1.32,1.092
1.284,1.116
1.238,1.132
1.183,1.143
1.118,1.15
1.045,1.15
0.967,1.144
0.885,1.129
0.804,1.105
0.724,1.071
0.646,1.028
0.568,0.975
0.489,0.916
0.41,0.853
0.329,0.79
0.248,0.729
0.166,0.671
0.082,0.615
-0.002,0.561
-0.087,0.508
-0.17,0.457
-0.251,0.407
-0.329,0.359
-0.406,0.312
-0.481,0.266
-0.555,0.222
-0.627,0.179
-0.698,0.137
-0.767,0.095
-0.833,0.055
-0.898,0.015
-0.96,-0.024
-1.02,-0.063
-1.078,-0.1
-1.133,-0.137
-1.184,-0.173
-1.231,-0.208
-1.274,-0.243
-1.31,-0.276
-1.339,-0.309
-1.359,-0.341
-1.367,-0.373
-1.361,-0.404
-1.338,-0.435
-1.297,-0.465
-1.236,-0.494
-1.154,-0.523
-1.051,-0.551
-0.935,-0.578
-0.806,-0.604
-0.665,-0.629
-0.521,-0.652
-0.382,-0.673
-0.251,-0.687
-0.128,-0.688
-0.012,-0.676
0.098,-0.66
0.206,-0.637
0.309,-0.595
0.408,-0.532
0.501,-0.457
0.589,-0.379
0.671,-0.299
0.748,-0.218
0.822,-0.136
0.894,-0.054
0.962,0.026
1.027,0.105
1.087,0.183
1.141,0.259
1.188,0.334
1.229,0.408
1.262,0.479
1.288,0.548
1.306,0.613
1.315,0.673
1.312,0.728
1.298,0.776
1.271,0.817
1.234,0.853
1.187,0.883
1.132,0.909
1.07,0.932
1.002,0.95
0.929,0.962
0.853,0.966
0.778,0.961
0.704,0.947
0.632,0.923
0.562,0.89
0.492,0.846
0.423,0.793
0.354,0.733
0.283,0.672
0.211,0.612
0.139,0.554
0.066,0.5
-0.007,0.449
-0.078,0.399
-0.147,0.351
-0.211,0.304
-0.27,0.259
-0.325,0.216
-0.378,0.174
-0.427,0.134
-0.472,0.095
-0.512,0.057
-0.546,0.02
-0.573,-0.014
-0.594,-0.047
-0.607,-0.079
-0.612,-0.108
-0.608,-0.136
-0.593,-0.161
-0.567,-0.183
-0.527,-0.202
-0.475,-0.218
-0.409,-0.23
-0.331,-0.237
-0.241,-0.24
-0.142,-0.241
-0.034,-0.24
0.076,-0.237
0.185,-0.23
0.29,-0.217
0.391,-0.193
0.488,-0.153
0.579,-0.097
0.664,-0.028
0.744,0.047
0.817,0.122
0.883,0.198
0.944,0.274
1,0.349
1.052,0.424
1.102,0.498
1.149,0.57
1.193,0.64
1.234,0.707
1.271,0.771
1.303,0.831
1.33,0.888
1.349,0.941
1.36,0.99
1.361,1.034
1.352,1.071
1.332,1.101
1.301,1.123
1.259,1.14
1.206,1.151
1.147,1.159
1.082,1.162
1.012,1.158
0.939,1.147
0.864,1.127
0.788,1.097
0.712,1.057
0.635,1.007
0.556,0.95
0.477,0.889
0.396,0.827
0.315,0.766
0.234,0.708
0.152,0.652
0.07,0.598
-0.011,0.545
-0.091,0.494
-0.17,0.444
-0.246,0.395
-0.321,0.348
-0.395,0.303
-0.469,0.258
-0.542,0.215
-0.613,0.173
-0.683,0.132
-0.75,0.091
-0.816,0.051
-0.879,0.012
-0.941,-0.027
-1,-0.064
-1.056,-0.101
-1.11,-0.138
-1.16,-0.173
-1.207,-0.208
-1.249,-0.242
-1.285,-0.275
-1.315,-0.307
-1.337,-0.339
-1.349,-0.37
-1.351,-0.401
-1.341,-0.431
-1.314,-0.461
-1.27,-0.49
-1.204,-0.518
-1.117,-0.546
-1.011,-0.572
-0.891,-0.598
-0.754,-0.623
-0.605,-0.647
-0.455,-0.668
-0.311,-0.686
-0.179,-0.694
-0.057,-0.689
0.056,-0.675
0.164,-0.658
0.269,-0.628
0.371,-0.576
0.468,-0.505
0.561,-0.426
0.649,-0.344
0.733,-0.26
0.814,-0.175
0.895,-0.09
0.972,-0.006
1.047,0.078
1.118,0.16
1.183,0.242
1.244,0.322
1.3,0.401
1.349,0.478
1.391,0.554
1.426,0.626
1.454,0.695
1.475,0.759
1.488,0.818
1.492,0.872
1.485,0.92
1.466,0.962
1.437,0.999
1.399,1.032
1.354,1.061
1.304,1.087
1.249,1.107
1.19,1.121
1.128,1.127
1.063,1.125
0.996,1.114
0.927,1.096
0.857,1.069
0.785,1.034
0.713,0.991
0.64,0.941
0.567,0.886
0.496,0.83
0.426,0.774
0.358,0.72
0.292,0.668
0.23,0.619
0.172,0.571
0.118,0.525
0.07,0.481
0.027,0.437
-0.01,0.396
-0.044,0.356
-0.074,0.318
-0.1,0.282
-0.12,0.248
-0.134,0.217
-0.139,0.187
-0.135,0.16
-0.122,0.137
-0.099,0.118
-0.067,0.104
-0.024,0.097
0.027,0.098
0.087,0.102
0.155,0.106
0.229,0.112
0.311,0.12
0.402,0.133
0.497,0.152
0.592,0.181
0.682,0.222
0.767,0.276
0.844,0.341
0.913,0.411
0.975,0.483
1.031,0.554
1.081,0.625
1.127,0.692
1.169,0.758
1.208,0.82
1.245,0.879
1.28,0.936
1.314,0.989
1.344,1.039
1.371,1.086
1.394,1.127
1.412,1.163
1.424,1.192
1.429,1.214
1.425,1.23
1.411,1.243
1.388,1.253
1.355,1.261
1.315,1.268
1.269,1.27
1.218,1.268
1.162,1.259
1.102,1.244
1.037,1.222
0.969,1.192
0.899,1.154
0.827,1.108
0.754,1.057
0.678,1.001
0.6,0.944
0.521,0.887
0.441,0.832
0.361,0.779
0.282,0.727
0.203,0.676
0.126,0.626
0.05,0.577
-0.024,0.528
-0.097,0.481
-0.169,0.434
-0.243,0.389
-0.316,0.344
-0.389,0.301
-0.461,0.258
-0.531,0.217
-0.599,0.176
-0.665,0.136
-0.73,0.097
-0.792,0.059
-0.852,0.022
-0.909,-0.015
-0.963,-0.051
-1.013,-0.086
-1.059,-0.12
-1.1,-0.154
-1.135,-0.187
-1.165,-0.219
-1.187,-0.251
-1.201,-0.283
-1.204,-0.313
-1.197,-0.344
-1.175,-0.373
-1.138,-0.402
-1.081,-0.43
-1,-0.457
-0.899,-0.484
-0.782,-0.509
-0.652,-0.534
-0.514,-0.556
-0.375,-0.575
-0.243,-0.589
-0.12,-0.591
-0.005,-0.582
0.103,-0.569
0.207,-0.55
0.309,-0.517
0.409,-0.462
0.506,-0.39
0.6,-0.313
0.688,-0.232
0.772,-0.15
0.852,-0.068
0.931,0.014
1.009,0.095
1.085,0.176
1.156,0.256
1.222,0.337
1.282,0.417
1.336,0.496
1.383,0.575
1.425,0.651
1.461,0.723
1.491,0.791
1.513,0.854
1.527,0.912
1.533,0.963
1.533,1.008
1.526,1.046
1.512,1.079
1.492,1.107
1.466,1.134
1.436,1.156
1.402,1.174
1.364,1.188
1.32,1.196
1.271,1.198
1.216,1.194
1.155,1.185
1.09,1.17
1.021,1.148
0.951,1.121
0.882,1.089
0.814,1.051
0.748,1.009
0.684,0.962
0.621,0.913
0.561,0.863
0.502,0.814
0.445,0.766
0.39,0.72
0.338,0.676
0.289,0.633
0.245,0.592
0.206,0.552
0.173,0.514
0.144,0.478
0.119,0.443
0.099,0.41
0.085,0.379
0.079,0.35
0.081,0.324
0.094,0.301
0.116,0.282
0.148,0.27
0.189,0.265
0.24,0.267
0.3,0.273
0.366,0.281
0.435,0.291
0.509,0.304
0.587,0.324
0.665,0.353
0.742,0.395
0.816,0.449
0.886,0.513
0.951,0.581
1.011,0.649
1.065,0.714
1.114,0.775
1.158,0.834
1.198,0.89
1.235,0.945
1.268,0.997
1.298,1.046
1.326,1.092
1.352,1.134
1.377,1.172
1.399,1.206
1.418,1.234
1.43,1.256
1.435,1.273
1.431,1.286
1.418,1.297
1.396,1.306
1.366,1.312
1.327,1.315
1.281,1.314
1.231,1.306
1.178,1.293
1.121,1.273
1.061,1.246
0.997,1.211
0.928,1.168
0.857,1.118
0.783,1.064
0.707,1.008
0.63,0.953
0.552,0.898
0.474,0.845
0.395,0.793
0.317,0.742
0.24,0.692
0.163,0.642
0.087,0.594
0.012,0.546
-0.064,0.499
-0.142,0.453
-0.22,0.408
-0.298,0.364
-0.375,0.32
-0.45,0.277
-0.523,0.235
-0.595,0.193
-0.665,0.152
-0.733,0.111
-0.799,0.071
-0.864,0.032
-0.926,-0.006
-0.986,-0.044
-1.043,-0.081
-1.097,-0.117
-1.148,-0.152
-1.193,-0.186
-1.233,-0.219
-1.266,-0.252
-1.292,-0.283
-1.31,-0.315
-1.317,-0.345
-1.311,-0.375
-1.291,-0.404
-1.255,-0.433
-1.203,-0.461
-1.134,-0.488
-1.05,-0.515
-0.954,-0.541
-0.849,-0.566
-0.733,-0.589
-0.607,-0.611
-0.481,-0.629
-0.356,-0.642
-0.235,-0.645
-0.117,-0.637
-0.002,-0.627
0.11,-0.613
0.218,-0.587
0.322,-0.544
0.423,-0.482
0.518,-0.412
0.608,-0.337
0.692,-0.258
0.772,-0.178
0.849,-0.096
0.924,-0.014
0.996,0.069
1.065,0.152
1.13,0.235
1.19,0.319
1.243,0.402
1.29,0.484
1.33,0.565
1.364,0.642
1.391,0.715
1.409,0.781
1.418,0.842
1.416,0.895
1.405,0.94
1.384,0.976
1.355,1.005
1.32,1.029
1.28,1.051
1.237,1.069
1.191,1.081
1.143,1.088
1.092,1.087
1.038,1.079
0.981,1.065
0.921,1.043
0.858,1.015
0.793,0.981
0.728,0.942
0.664,0.898
0.601,0.851
0.541,0.803
0.482,0.755
0.426,0.708
0.371,0.663
0.319,0.619
0.27,0.577
0.225,0.536
0.183,0.495
0.146,0.456
0.113,0.418
0.084,0.381
0.058,0.346
0.036,0.313
0.019,0.282
0.009,0.253
0.005,0.228
0.011,0.207
0.027,0.191
0.055,0.184
0.095,0.186
0.146,0.192
0.209,0.198
0.28,0.205
0.356,0.215
0.438,0.228
0.525,0.247
0.613,0.275
0.696,0.313
0.774,0.365
0.845,0.428
0.908,0.498
0.964,0.571
1.014,0.642
1.058,0.71
1.096,0.774
1.129,0.834
1.157,0.89
1.181,0.942
1.202,0.991
1.22,1.035
1.234,1.074
1.246,1.107
1.254,1.133
1.259,1.152
1.259,1.163
1.253,1.17
1.24,1.174
1.219,1.176
1.19,1.177
1.153,1.174
1.111,1.168
1.065,1.157
1.015,1.14
0.96,1.119
0.902,1.09
0.84,1.056
0.776,1.015
0.71,0.969
0.643,0.919
0.573,0.868
0.502,0.817
0.43,0.766
0.357,0.717
0.283,0.668
0.207,0.619
0.13,0.571
0.053,0.524
-0.025,0.478
-0.104,0.432
-0.183,0.387
-0.263,0.343
-0.342,0.3
-0.421,0.257
-0.497,0.215
-0.57,0.173
-0.641,0.132
-0.71,0.092
-0.777,0.051
-0.841,0.012
-0.905,-0.028
-0.967,-0.066
-1.027,-0.104
-1.086,-0.141
-1.142,-0.178
-1.195,-0.213
-1.245,-0.248
-1.29,-0.282
-1.331,-0.315
-1.367,-0.348
-1.396,-0.38
-1.418,-0.41
-1.43,-0.441
-1.432,-0.47
-1.423,-0.499
-1.403,-0.527
-1.37,-0.554
-1.322,-0.58
-1.257,-0.606
-1.177,-0.631
-1.084,-0.655
-0.981,-0.679
-0.866,-0.7
-0.743,-0.72
-0.62,-0.737
-0.5,-0.749
-0.385,-0.752
-0.276,-0.748
-0.171,-0.742
-0.068,-0.733
0.033,-0.715
0.131,-0.682
0.225,-0.632
0.314,-0.57
0.397,-0.503
0.475,-0.433
0.55,-0.36
0.624,-0.285
0.695,-0.209
0.765,-0.131
0.831,-0.053
0.893,0.025
0.952,0.102
1.008,0.18
1.058,0.256
1.103,0.332
1.141,0.407
1.172,0.48
1.197,0.55
1.215,0.617
1.227,0.679
1.232,0.734
1.228,0.781
1.217,0.82
1.198,0.849
1.173,0.872
1.143,0.891
1.108,0.909
1.068,0.923
1.025,0.933
0.977,0.937
0.927,0.935
0.874,0.926
0.82,0.91
0.765,0.889
0.71,0.862
0.655,0.83
0.603,0.792
0.552,0.751
0.504,0.708
0.457,0.665
0.412,0.623
0.368,0.584
0.326,0.547
0.286,0.513
0.25,0.479
0.218,0.447
0.192,0.416
0.17,0.386
0.154,0.358
0.142,0.331
0.132,0.306
0.126,0.285
0.125,0.268
0.128,0.257
0.137,0.253
0.153,0.256
0.175,0.262
0.206,0.269
0.244,0.277
0.29,0.287
0.34,0.3
0.394,0.316
0.452,0.335
0.512,0.359
0.573,0.388
0.631,0.424
0.686,0.465
0.737,0.511
0.785,0.561
0.83,0.611
0.872,0.66
0.912,0.707
0.949,0.751
0.983,0.792
1.014,0.831
1.042,0.867
1.065,0.9
1.085,0.932
1.102,0.962
1.117,0.989
1.128,1.013
1.136,1.033
1.138,1.048
1.134,1.059
1.124,1.066
1.107,1.07
1.082,1.072
1.05,1.07
1.011,1.065
0.966,1.055
0.916,1.039
0.863,1.018
0.806,0.99
0.746,0.955
0.683,0.914
0.619,0.868
0.553,0.819
0.486,0.769
0.418,0.72
0.349,0.672
0.278,0.625
0.207,0.578
0.134,0.533
0.061,0.488
-0.012,0.444
-0.085,0.401
-0.158,0.358
-0.232,0.316
-0.306,0.274
-0.38,0.233
-0.454,0.192
-0.527,0.152
-0.598,0.111
-0.667,0.071
-0.735,0.032
-0.801,-0.008
-0.866,-0.046
-0.929,-0.085
-0.99,-0.122
-1.049,-0.159
-1.106,-0.196
-1.161,-0.231
-1.213,-0.266
-1.261,-0.301
-1.306,-0.334
-1.348,-0.367
-1.384,-0.399
-1.416,-0.43
-1.442,-0.46
-1.46,-0.489
-1.47,-0.517
-1.47,-0.544
-1.458,-0.571
-1.434,-0.597
-1.398,-0.623
-1.346,-0.648
-1.28,-0.672
-1.201,-0.696
-1.111,-0.72
-1.011,-0.742
-0.902,-0.764
-0.788,-0.784
-0.676,-0.801
-0.567,-0.814
-0.462,-0.818
-0.363,-0.816
-0.266,-0.81
-0.171,-0.803
-0.078,-0.787
0.012,-0.756
0.099,-0.709
0.183,-0.651
0.262,-0.59
0.337,-0.526
0.411,-0.459
0.483,-0.39
0.554,-0.319
0.623,-0.248
0.688,-0.175
0.749,-0.102
0.807,-0.029
0.861,0.044
0.912,0.116
0.957,0.188
0.995,0.259
1.026,0.328
1.05,0.397
1.066,0.463
1.077,0.525
1.081,0.584
1.078,0.636
1.069,0.681
1.053,0.716
1.032,0.742
1.005,0.761
0.975,0.777
0.941,0.792
0.903,0.803
0.862,0.809
0.818,0.809
0.771,0.803
0.722,0.79
0.673,0.772
0.623,0.749
0.574,0.721
0.526,0.688
0.481,0.652
0.437,0.614
0.394,0.575
0.353,0.538
0.313,0.503
0.274,0.471
0.236,0.44
0.201,0.411
0.17,0.382
0.143,0.355
0.123,0.328
0.109,0.302
0.1,0.278
0.095,0.256
0.093,0.24
0.097,0.23
0.105,0.229
0.119,0.235
0.14,0.242
0.166,0.25
0.199,0.258
0.237,0.268
0.278,0.281
0.321,0.296
0.368,0.314
0.417,0.335
0.468,0.359
0.518,0.386
0.565,0.418
0.61,0.454
0.65,0.492
0.687,0.531
0.719,0.57
0.747,0.607
0.772,0.643
0.794,0.676
0.812,0.707
0.828,0.735
0.84,0.761
0.85,0.784
0.857,0.804
0.861,0.821
0.863,0.834
0.863,0.843
0.858,0.847
0.848,0.848
0.83,0.847
0.806,0.843
0.777,0.836
0.744,0.826
0.708,0.811
0.668,0.791
0.627,0.765
0.583,0.734
0.537,0.698
0.49,0.658
0.441,0.616
0.39,0.575
0.335,0.534
0.279,0.496
0.22,0.458
0.16,0.422
0.098,0.386
0.035,0.351
-0.028,0.316
-0.092,0.282
-0.155,0.248
-0.219,0.213
-0.283,0.179
-0.348,0.143
-0.413,0.108
-0.477,0.072
-0.54,0.037
-0.602,0.001
-0.662,-0.035
-0.721,-0.07
-0.779,-0.105
-0.836,-0.14
-0.892,-0.175
-0.946,-0.209
-1,-0.242
-1.053,-0.276
-1.105,-0.308
-1.155,-0.341
-1.203,-0.373
-1.249,-0.405
-1.292,-0.436
-1.332,-0.467
-1.369,-0.498
-1.402,-0.528
-1.429,-0.557
-1.453,-0.586
-1.47,-0.613
-1.481,-0.639
-1.484,-0.665
-1.479,-0.689
-1.463,-0.713
-1.437,-0.737
-1.399,-0.76
-1.346,-0.783
-1.279,-0.806
-1.199,-0.828
-1.107,-0.849
-1.005,-0.869
-0.899,-0.887
-0.793,-0.903
-0.69,-0.914
-0.593,-0.919
-0.5,-0.919
-0.41,-0.917
-0.322,-0.913
-0.235,-0.901
-0.15,-0.876
-0.066,-0.836
0.014,-0.786
0.092,-0.731
0.168,-0.674
0.241,-0.613
0.311,-0.55
0.38,-0.485
0.446,-0.419
0.51,-0.352
0.57,-0.283
0.628,-0.214
0.683,-0.144
0.735,-0.075
0.784,-0.006
0.827,0.062
0.865,0.129
0.897,0.195
0.922,0.26
0.941,0.324
0.955,0.386
0.964,0.445
0.967,0.5
0.967,0.55
0.963,0.594
0.955,0.629
0.945,0.656
0.931,0.677
0.913,0.693
0.89,0.708
0.862,0.719
0.829,0.727
0.79,0.731
0.746,0.729
0.7,0.724
0.651,0.713
0.602,0.699
0.554,0.68
0.507,0.658
0.463,0.631
0.422,0.601
0.383,0.568
0.347,0.534
0.314,0.499
0.283,0.465
0.255,0.433
0.23,0.403
0.208,0.375
0.191,0.348
0.177,0.325
0.169,0.307
0.165,0.295
0.165,0.296
0.17,0.307
0.18,0.319
0.195,0.329
0.216,0.337
0.241,0.344
0.272,0.351
0.305,0.358
0.338,0.366
0.37,0.376
0.4,0.386
0.43,0.4
0.461,0.416
0.491,0.435
0.522,0.459
0.551,0.485
0.58,0.513
0.608,0.541
0.634,0.568
0.657,0.592
0.677,0.614
0.694,0.635
0.707,0.653
0.718,0.671
0.725,0.689
0.73,0.706
0.732,0.721
0.732,0.734
0.731,0.744
0.729,0.748
0.724,0.747
0.716,0.741
0.704,0.732
0.688,0.721
0.667,0.708
0.642,0.692
0.614,0.672
0.582,0.649
0.546,0.624
0.507,0.595
0.465,0.566
0.422,0.536
0.376,0.506
0.329,0.477
0.28,0.448
0.23,0.418
0.179,0.389
0.126,0.359
0.073,0.329
0.019,0.298
-0.036,0.267
-0.091,0.235
-0.148,0.202
-0.205,0.169
-0.264,0.135
-0.324,0.101
-0.384,0.067
-0.444,0.032
-0.504,-0.003
-0.563,-0.037
-0.621,-0.072
-0.679,-0.106
-0.735,-0.141
-0.791,-0.175
-0.845,-0.209
-0.898,-0.243
-0.95,-0.276
-1,-0.309
-1.048,-0.342
-1.093,-0.374
-1.135,-0.406
-1.175,-0.437
-1.211,-0.468
-1.243,-0.498
-1.272,-0.527
-1.297,-0.556
-1.318,-0.584
-1.334,-0.61
-1.345,-0.636
-1.348,-0.661
-1.345,-0.685
-1.332,-0.707
-1.31,-0.729
-1.278,-0.751
-1.236,-0.771
-1.182,-0.791
-1.118,-0.81
-1.045,-0.828
-0.961,-0.843
-0.871,-0.857
-0.779,-0.868
-0.688,-0.875
-0.599,-0.879
-0.513,-0.882
-0.43,-0.883
-0.348,-0.879
-0.268,-0.867
-0.191,-0.843
-0.114,-0.806
-0.04,-0.759
0.032,-0.709
0.101,-0.656
0.168,-0.601
0.233,-0.543
0.297,-0.484
0.359,-0.424
0.42,-0.363
0.482,-0.301
0.544,-0.238
0.607,-0.174
0.669,-0.11
0.731,-0.046
0.791,0.019
0.844,0.083
0.89,0.147
0.927,0.211
0.954,0.276
0.971,0.34
0.98,0.404
0.98,0.467
0.975,0.525
0.964,0.579
0.95,0.624
0.933,0.66
0.914,0.687
0.893,0.704
0.868,0.717
0.839,0.727
0.805,0.732
0.768,0.732
0.727,0.726
0.683,0.714
0.639,0.697
0.595,0.676
0.553,0.651
0.514,0.624
0.478,0.594
0.446,0.564
0.417,0.534
0.391,0.506
0.367,0.48
0.346,0.456
0.326,0.437
0.308,0.423
0.292,0.413
0.28,0.411
0.272,0.415
0.268,0.421
0.268,0.425
0.272,0.428
0.281,0.431
0.292,0.434
0.304,0.437
0.318,0.44
0.332,0.444
0.347,0.448
0.362,0.451
0.377,0.456
0.392,0.461
0.407,0.467
0.422,0.473
0.438,0.481
0.454,0.489
0.469,0.498
0.482,0.508
0.494,0.517
0.504,0.527
0.513,0.536
0.519,0.545
0.523,0.552
0.525,0.559
0.525,0.563
0.525,0.566
0.522,0.567
0.518,0.565
0.511,0.561
0.502,0.554
0.491,0.545
0.476,0.533
0.459,0.518
0.438,0.501
0.413,0.483
0.384,0.465
0.352,0.446
0.317,0.426
0.28,0.405
0.24,0.384
0.199,0.361
0.157,0.338
0.114,0.315
0.07,0.29
0.026,0.264
-0.02,0.237
-0.067,0.209
-0.116,0.18
-0.167,0.151
-0.219,0.121
-0.272,0.09
-0.325,0.059
-0.378,0.028
-0.431,-0.004
-0.482,-0.036
-0.533,-0.069
-0.584,-0.102
-0.634,-0.135
-0.683,-0.168
-0.731,-0.201
-0.779,-0.234
-0.826,-0.267
-0.872,-0.3
-0.917,-0.332
-0.959,-0.364
-0.999,-0.395
-1.036,-0.427
-1.069,-0.458
-1.099,-0.488
-1.127,-0.518
-1.15,-0.548
-1.17,-0.578
-1.186,-0.606
-1.198,-0.635
-1.205,-0.662
-1.206,-0.69
-1.2,-0.716
-1.185,-0.741
-1.16,-0.766
-1.123,-0.789
-1.075,-0.81
-1.015,-0.829
-0.945,-0.844
-0.863,-0.852
-0.771,-0.854
-0.676,-0.853
-0.581,-0.855
-0.49,-0.855
-0.402,-0.851
-0.319,-0.841
-0.237,-0.822
-0.158,-0.792
-0.081,-0.75
-0.005,-0.702
0.068,-0.651
0.139,-0.597
0.209,-0.54
0.277,-0.482
0.343,-0.422
0.406,-0.361
0.468,-0.298
0.527,-0.235
0.584,-0.171
0.639,-0.105
0.692,-0.04
0.742,0.025
0.789,0.091
0.832,0.155
0.874,0.219
0.913,0.282
0.949,0.344
0.982,0.404
1.011,0.462
1.036,0.517
1.057,0.57
1.075,0.618
1.089,0.661
1.1,0.699
1.107,0.732
1.11,0.76
1.109,0.784
1.105,0.806
1.096,0.826
1.082,0.845
1.063,0.861
1.039,0.874
1.008,0.884
0.973,0.89
0.934,0.892
0.892,0.89
0.848,0.884
0.804,0.874
0.759,0.86
0.716,0.843
0.673,0.822
0.633,0.797
0.594,0.77
0.556,0.74
0.52,0.709
0.485,0.677
0.451,0.647
0.418,0.618
0.387,0.592
0.358,0.567
0.331,0.545
0.307,0.525
0.285,0.507
0.267,0.493
0.251,0.482
0.238,0.474
0.228,0.468
0.218,0.463
0.21,0.458
0.202,0.452
0.195,0.446
0.19,0.439
0.186,0.432
0.184,0.425
0.182,0.417
0.182,0.41
0.184,0.402
0.186,0.394
0.19,0.386
0.195,0.378
0.201,0.37
0.208,0.362
0.217,0.353
0.228,0.344
0.241,0.336
0.256,0.327
0.273,0.319
0.293,0.311
0.315,0.305
0.34,0.299
0.366,0.296
0.392,0.295
0.418,0.297
0.443,0.302
0.464,0.312
0.481,0.326
0.495,0.346
0.504,0.368
0.509,0.39
0.51,0.409
0.508,0.425
0.501,0.435
0.49,0.441
0.475,0.443
0.457,0.444
0.433,0.444
0.405,0.442
0.372,0.438
0.335,0.432
0.295,0.421
0.253,0.407
0.209,0.388
0.163,0.364
0.117,0.335
0.071,0.301
0.024,0.264
-0.023,0.226
-0.07,0.188
-0.118,0.15
-0.169,0.112
-0.221,0.075
-0.275,0.038
-0.331,0.002
-0.386,-0.034
-0.44,-0.069
-0.493,-0.104
-0.544,-0.139
-0.592,-0.174
-0.637,-0.208
-0.681,-0.242
-0.722,-0.275
-0.76,-0.308
-0.796,-0.34
-0.83,-0.372
-0.861,-0.404
-0.889,-0.434
-0.915,-0.464
-0.937,-0.493
-0.954,-0.521
-0.968,-0.548
-0.976,-0.573
-0.979,-0.596
-0.975,-0.617
-0.962,-0.634
-0.94,-0.648
-0.908,-0.655
-0.866,-0.658
-0.814,-0.659
-0.754,-0.661
-0.686,-0.665
-0.609,-0.668
-0.528,-0.671
-0.447,-0.671
-0.367,-0.668
-0.288,-0.66
-0.21,-0.646
-0.133,-0.624
-0.058,-0.591
0.016,-0.55
0.089,-0.504
0.16,-0.456
0.23,-0.406
0.298,-0.353
0.365,-0.299
0.431,-0.244
0.495,-0.187
0.56,-0.129
0.623,-0.069
0.685,-0.008
0.747,0.054
0.807,0.116
0.865,0.18
0.921,0.243
0.976,0.307
1.029,0.371
1.079,0.435
1.127,0.499
1.171,0.561
1.21,0.622
1.242,0.68
1.27,0.735
1.292,0.788
1.31,0.837
1.322,0.882
1.328,0.922
1.328,0.957
1.323,0.987
1.312,1.013
1.295,1.034
1.273,1.053
1.245,1.069
1.211,1.08
1.17,1.087
1.124,1.089
1.073,1.086
1.018,1.076
0.96,1.062
0.9,1.041
0.84,1.016
0.782,0.985
0.725,0.951
0.67,0.912
0.617,0.872
0.566,0.83
0.515,0.789
0.465,0.749
0.416,0.71
0.367,0.672
0.319,0.636
0.272,0.601
0.227,0.567
0.184,0.534
0.144,0.503
0.107,0.474
0.073,0.447
0.041,0.423
0.012,0.4
-0.016,0.379
-0.041,0.361
-0.063,0.343
-0.082,0.327
-0.096,0.312
-0.107,0.298
-0.114,0.283
-0.118,0.268
-0.118,0.253
-0.114,0.237
-0.106,0.222
-0.094,0.207
-0.078,0.193
-0.058,0.18
-0.034,0.167
-0.007,0.155
0.023,0.144
0.057,0.134
0.094,0.125
0.134,0.118
0.175,0.112
0.215,0.11
0.254,0.111
0.29,0.116
0.324,0.127
0.356,0.145
0.385,0.17
0.412,0.202
0.437,0.235
0.46,0.265
0.482,0.292
0.501,0.315
0.518,0.334
0.531,0.349
0.541,0.361
0.548,0.372
0.552,0.382
0.553,0.392
0.551,0.403
0.546,0.414
0.537,0.423
0.525,0.431
0.509,0.437
0.49,0.441
0.468,0.442
0.44,0.44
0.406,0.434
0.368,0.425
0.325,0.413
0.279,0.397
0.231,0.377
0.183,0.353
0.134,0.325
0.086,0.293
0.037,0.258
-0.012,0.221
-0.062,0.184
-0.112,0.147
-0.163,0.11
-0.216,0.074
-0.27,0.038
-0.325,0.003
-0.38,-0.033
-0.435,-0.067
-0.489,-0.102
-0.541,-0.136
-0.591,-0.17
-0.638,-0.203
-0.683,-0.236
-0.724,-0.268
-0.762,-0.3
-0.796,-0.331
-0.827,-0.361
-0.853,-0.389
-0.876,-0.417
-0.892,-0.442
-0.902,-0.464
-0.904,-0.482
-0.896,-0.496
-0.879,-0.505
-0.85,-0.509
-0.809,-0.511
-0.755,-0.515
-0.691,-0.521
-0.618,-0.528
-0.538,-0.535
-0.451,-0.541
-0.361,-0.546
-0.272,-0.547
-0.184,-0.545
-0.098,-0.536
-0.014,-0.52
0.07,-0.493
0.153,-0.453
0.236,-0.404
0.319,-0.35
0.399,-0.294
0.477,-0.235
0.552,-0.175
0.623,-0.113
0.692,-0.05
0.759,0.015
0.825,0.082
0.888,0.15
0.947,0.219
1.003,0.289
1.056,0.36
1.105,0.43
1.151,0.5
1.195,0.568
1.236,0.634
1.274,0.696
1.308,0.754
,
1.931,1.421
-1.888,-1.146
